id,sequential_number,record_number,user_id,lawyer_id,representative_id,place_of_issue,type,authorizations,exceptions,cause,status,created_at,updated_at
1,9784,99,237,810,365,IL,B,3,1,Financial,Open,1/1/2023,6/1/2023
2,9511,51,899,469,966,IL,B,1,4,Legal,Pending,1/2/2023,6/2/2023
3,1295,10,422,737,926,IL,C,5,4,Financial,Pending,1/3/2023,6/3/2023
4,6203,29,145,578,408,CA,D,7,1,Financial,Open,1/4/2023,6/4/2023
5,9608,32,512,370,645,FL,C,7,2,Operational,Open,1/5/2023,6/5/2023
6,2265,71,278,728,994,TX,D,7,2,Financial,Pending,1/6/2023,6/6/2023
7,1315,46,622,981,271,FL,B,0,4,Legal,Pending,1/7/2023,6/7/2023
8,5959,78,778,930,738,CA,D,3,2,Financial,Pending,1/8/2023,6/8/2023
9,9703,43,889,638,338,CA,A,3,4,Legal,Closed,1/9/2023,6/9/2023
10,8550,81,957,523,805,CA,D,5,0,Technical,Closed,1/10/2023,6/10/2023
11,1485,86,214,370,456,CA,A,8,3,Legal,Closed,1/11/2023,6/11/2023
12,5501,73,827,764,753,CA,C,6,1,Technical,Open,1/12/2023,6/12/2023
13,3158,93,127,804,796,CA,B,1,2,Legal,Closed,1/13/2023,6/13/2023
14,8146,49,909,156,955,IL,C,7,0,Legal,Open,1/14/2023,6/14/2023
15,5287,21,858,169,310,IL,C,6,4,Legal,Closed,1/15/2023,6/15/2023
16,5786,54,989,157,490,IL,C,9,0,Operational,Closed,1/16/2023,6/16/2023
17,5887,2,340,905,587,FL,D,8,2,Financial,Open,1/17/2023,6/17/2023
18,1373,17,275,394,175,NY,B,7,2,Operational,Pending,1/18/2023,6/18/2023
19,3241,9,252,439,353,CA,C,5,3,Operational,Pending,1/19/2023,6/19/2023
20,4437,15,178,110,133,CA,A,7,3,Technical,Closed,1/20/2023,6/20/2023
21,4716,10,576,912,910,TX,B,1,2,Legal,Open,1/21/2023,6/21/2023
22,4523,14,682,752,791,TX,C,5,4,Financial,Pending,1/22/2023,6/22/2023
23,8073,43,773,219,953,CA,A,2,3,Technical,Open,1/23/2023,6/23/2023
24,4891,35,904,827,684,FL,B,6,1,Legal,Closed,1/24/2023,6/24/2023
25,5829,70,597,896,355,FL,C,2,2,Operational,Pending,1/25/2023,6/25/2023
26,1269,39,513,125,244,NY,B,5,1,Operational,Closed,1/26/2023,6/26/2023
27,8328,42,761,440,694,CA,D,8,4,Technical,Pending,1/27/2023,6/27/2023
28,2828,92,293,122,535,CA,A,3,2,Technical,Open,1/28/2023,6/28/2023
29,6413,66,514,967,303,FL,D,8,4,Operational,Pending,1/29/2023,6/29/2023
30,6802,59,997,120,777,IL,D,7,1,Operational,Closed,1/30/2023,6/30/2023
31,5905,97,828,232,714,NY,D,4,0,Legal,Open,1/31/2023,7/1/2023
32,2676,57,889,966,458,IL,A,4,1,Technical,Open,2/1/2023,7/2/2023
33,9531,16,271,125,419,FL,B,5,3,Technical,Closed,2/2/2023,7/3/2023
34,6376,1,987,617,206,IL,D,3,3,Operational,Open,2/3/2023,7/4/2023
35,8717,30,266,273,359,TX,D,9,3,Financial,Open,2/4/2023,7/5/2023
36,1428,20,451,799,618,NY,D,2,4,Operational,Pending,2/5/2023,7/6/2023
37,6832,54,108,151,550,IL,D,0,3,Operational,Open,2/6/2023,7/7/2023
38,4984,60,750,310,665,NY,D,9,4,Legal,Open,2/7/2023,7/8/2023
39,8473,66,936,636,925,CA,B,6,2,Financial,Pending,2/8/2023,7/9/2023
40,9040,12,507,463,484,CA,A,2,1,Financial,Pending,2/9/2023,7/10/2023
41,9645,5,733,224,219,NY,C,5,3,Technical,Open,2/10/2023,7/11/2023
42,8824,97,237,667,428,TX,D,1,0,Financial,Open,2/11/2023,7/12/2023
43,3720,97,186,398,326,IL,B,9,3,Financial,Pending,2/12/2023,7/13/2023
44,7683,76,298,109,164,NY,D,3,2,Financial,Open,2/13/2023,7/14/2023
45,5601,79,762,823,759,IL,A,2,2,Financial,Open,2/14/2023,7/15/2023
46,8613,71,697,763,429,NY,C,9,2,Legal,Closed,2/15/2023,7/16/2023
47,7430,19,287,894,574,IL,B,4,4,Technical,Open,2/16/2023,7/17/2023
48,6448,27,966,966,397,CA,B,9,2,Technical,Closed,2/17/2023,7/18/2023
49,8528,32,852,166,269,TX,A,7,3,Technical,Closed,2/18/2023,7/19/2023
50,3611,68,706,136,367,CA,B,3,0,Technical,Pending,2/19/2023,7/20/2023
51,6291,61,790,279,582,FL,B,5,0,Legal,Open,2/20/2023,7/21/2023
52,6813,97,511,604,470,NY,A,0,3,Technical,Open,2/21/2023,7/22/2023
53,6435,53,886,840,816,FL,B,7,3,Financial,Open,2/22/2023,7/23/2023
54,7774,83,510,589,345,NY,B,9,1,Financial,Open,2/23/2023,7/24/2023
55,7787,30,297,196,344,TX,B,1,3,Financial,Pending,2/24/2023,7/25/2023
56,1599,81,266,205,648,IL,B,1,1,Technical,Open,2/25/2023,7/26/2023
57,4690,5,919,108,256,IL,B,0,0,Legal,Pending,2/26/2023,7/27/2023
58,8265,98,488,773,653,NY,C,6,2,Operational,Pending,2/27/2023,7/28/2023
59,6941,76,445,713,826,TX,C,4,0,Legal,Pending,2/28/2023,7/29/2023
60,6914,72,260,286,836,TX,B,8,4,Financial,Pending,3/1/2023,7/30/2023
61,2293,74,364,814,244,FL,D,3,4,Operational,Closed,3/2/2023,7/31/2023
62,2342,52,765,123,989,FL,D,9,0,Operational,Open,3/3/2023,8/1/2023
63,8347,90,583,358,936,FL,B,0,0,Operational,Closed,3/4/2023,8/2/2023
64,8899,46,234,422,526,IL,A,3,1,Operational,Pending,3/5/2023,8/3/2023
65,8674,80,221,890,467,NY,A,0,4,Legal,Pending,3/6/2023,8/4/2023
66,1270,77,898,871,779,NY,D,1,4,Operational,Pending,3/7/2023,8/5/2023
67,2406,50,572,617,840,TX,A,5,1,Operational,Closed,3/8/2023,8/6/2023
68,6601,32,303,943,673,IL,C,9,3,Financial,Closed,3/9/2023,8/7/2023
69,7693,73,944,379,905,TX,C,3,0,Financial,Closed,3/10/2023,8/8/2023
70,3451,75,240,605,405,CA,C,9,0,Technical,Pending,3/11/2023,8/9/2023
71,7718,9,971,590,955,CA,C,8,0,Legal,Pending,3/12/2023,8/10/2023
72,3049,43,182,791,242,TX,B,1,1,Legal,Pending,3/13/2023,8/11/2023
73,3917,34,819,342,672,IL,A,7,4,Technical,Pending,3/14/2023,8/12/2023
74,3487,9,547,798,430,FL,B,8,4,Operational,Open,3/15/2023,8/13/2023
75,9991,39,515,932,550,TX,A,8,0,Technical,Pending,3/16/2023,8/14/2023
76,7535,72,220,415,161,CA,D,2,2,Operational,Closed,3/17/2023,8/15/2023
77,6452,55,981,143,784,TX,B,0,2,Operational,Pending,3/18/2023,8/16/2023
78,1921,32,347,562,353,TX,C,8,0,Legal,Open,3/19/2023,8/17/2023
79,2662,23,655,821,300,CA,D,7,4,Financial,Open,3/20/2023,8/18/2023
80,9323,98,699,547,687,IL,D,3,1,Technical,Open,3/21/2023,8/19/2023
81,6741,97,571,336,526,CA,C,3,2,Financial,Pending,3/22/2023,8/20/2023
82,8478,83,220,819,286,NY,A,5,4,Financial,Open,3/23/2023,8/21/2023
83,2968,86,668,543,613,CA,A,6,4,Financial,Pending,3/24/2023,8/22/2023
84,1879,78,296,358,442,NY,D,7,1,Legal,Closed,3/25/2023,8/23/2023
85,6391,38,901,112,536,NY,D,6,0,Financial,Pending,3/26/2023,8/24/2023
86,3077,27,429,924,693,FL,B,3,1,Financial,Pending,3/27/2023,8/25/2023
87,3227,62,309,919,600,NY,C,1,0,Operational,Closed,3/28/2023,8/26/2023
88,1944,2,252,894,508,FL,B,2,0,Technical,Open,3/29/2023,8/27/2023
89,6354,49,509,863,305,CA,C,3,1,Legal,Closed,3/30/2023,8/28/2023
90,1392,81,534,413,666,IL,A,6,1,Legal,Open,3/31/2023,8/29/2023
91,1616,54,805,812,469,CA,C,5,0,Legal,Pending,4/1/2023,8/30/2023
92,3298,47,612,385,277,FL,C,0,1,Technical,Closed,4/2/2023,8/31/2023
93,3036,94,272,153,147,IL,C,8,0,Financial,Pending,4/3/2023,9/1/2023
94,7078,50,948,778,253,IL,A,1,4,Technical,Closed,4/4/2023,9/2/2023
95,1122,84,665,118,467,CA,D,1,0,Operational,Open,4/5/2023,9/3/2023
96,7826,87,805,445,659,IL,C,0,2,Operational,Open,4/6/2023,9/4/2023
97,2159,82,797,948,942,TX,B,5,1,Legal,Pending,4/7/2023,9/5/2023
98,5423,57,850,871,916,FL,B,0,2,Financial,Pending,4/8/2023,9/6/2023
99,3499,38,154,447,545,NY,A,4,0,Technical,Closed,4/9/2023,9/7/2023
100,1295,15,389,720,344,FL,C,5,3,Technical,Pending,4/10/2023,9/8/2023
101,7335,38,273,178,705,NY,A,6,1,Financial,Open,4/11/2023,9/9/2023
102,9964,67,344,614,923,NY,D,6,4,Technical,Open,4/12/2023,9/10/2023
103,6439,92,942,302,735,FL,B,3,2,Operational,Pending,4/13/2023,9/11/2023
104,6174,22,175,290,887,IL,B,8,1,Operational,Open,4/14/2023,9/12/2023
105,4298,96,660,473,337,FL,D,6,3,Legal,Closed,4/15/2023,9/13/2023
106,7776,27,960,172,693,TX,A,8,0,Operational,Open,4/16/2023,9/14/2023
107,9254,86,289,741,978,IL,B,4,0,Technical,Open,4/17/2023,9/15/2023
108,4330,65,425,344,811,CA,B,8,0,Financial,Pending,4/18/2023,9/16/2023
109,2871,54,771,477,828,CA,D,2,4,Technical,Closed,4/19/2023,9/17/2023
110,2176,77,551,605,800,TX,B,0,0,Technical,Pending,4/20/2023,9/18/2023
111,6816,70,203,464,610,CA,A,8,4,Financial,Closed,4/21/2023,9/19/2023
112,7971,17,397,575,233,CA,D,7,4,Technical,Open,4/22/2023,9/20/2023
113,6874,39,777,305,742,TX,C,5,1,Legal,Closed,4/23/2023,9/21/2023
114,2720,67,639,564,400,CA,D,2,4,Legal,Pending,4/24/2023,9/22/2023
115,2171,64,482,320,393,CA,B,0,4,Operational,Pending,4/25/2023,9/23/2023
116,9604,86,336,609,684,CA,B,4,1,Operational,Pending,4/26/2023,9/24/2023
117,9850,99,151,127,880,TX,B,5,4,Financial,Open,4/27/2023,9/25/2023
118,8190,98,223,186,249,NY,D,1,3,Legal,Closed,4/28/2023,9/26/2023
119,8537,10,500,872,222,NY,D,8,3,Financial,Pending,4/29/2023,9/27/2023
120,1635,8,393,600,321,TX,B,8,2,Legal,Open,4/30/2023,9/28/2023
121,4079,21,345,690,328,NY,C,2,1,Technical,Open,5/1/2023,9/29/2023
122,6559,24,287,418,580,CA,D,8,3,Financial,Pending,5/2/2023,9/30/2023
123,6806,15,837,498,349,IL,B,1,1,Financial,Open,5/3/2023,10/1/2023
124,2280,43,170,628,300,FL,B,7,1,Financial,Closed,5/4/2023,10/2/2023
125,4130,44,510,250,968,NY,B,0,1,Technical,Open,5/5/2023,10/3/2023
126,2958,11,712,550,640,TX,B,7,2,Financial,Closed,5/6/2023,10/4/2023
127,2531,2,499,103,263,IL,C,1,4,Technical,Closed,5/7/2023,10/5/2023
128,2284,6,642,952,821,NY,B,8,2,Operational,Open,5/8/2023,10/6/2023
129,2332,67,882,841,816,FL,C,6,4,Financial,Open,5/9/2023,10/7/2023
130,3153,72,282,679,130,CA,D,2,4,Operational,Pending,5/10/2023,10/8/2023
131,7291,18,912,938,801,IL,A,3,1,Legal,Pending,5/11/2023,10/9/2023
132,9857,78,189,646,648,TX,D,4,3,Technical,Pending,5/12/2023,10/10/2023
133,9659,41,674,460,782,IL,C,2,4,Technical,Closed,5/13/2023,10/11/2023
134,4695,41,798,298,155,CA,B,5,2,Operational,Closed,5/14/2023,10/12/2023
135,7402,59,213,986,300,IL,B,0,3,Legal,Closed,5/15/2023,10/13/2023
136,8758,6,585,570,525,FL,B,8,4,Financial,Pending,5/16/2023,10/14/2023
137,6463,98,868,178,625,CA,D,2,2,Technical,Closed,5/17/2023,10/15/2023
138,6666,63,957,942,239,TX,B,2,2,Technical,Open,5/18/2023,10/16/2023
139,9625,11,212,282,159,IL,B,9,0,Financial,Pending,5/19/2023,10/17/2023
140,4511,78,287,166,557,CA,D,2,3,Financial,Open,5/20/2023,10/18/2023
141,6607,8,369,787,361,FL,C,0,3,Financial,Closed,5/21/2023,10/19/2023
142,3190,88,703,413,258,FL,A,1,4,Operational,Pending,5/22/2023,10/20/2023
143,9092,59,184,496,251,IL,D,3,1,Technical,Open,5/23/2023,10/21/2023
144,7818,87,231,184,505,TX,B,8,2,Legal,Open,5/24/2023,10/22/2023
145,9284,81,961,217,716,NY,A,1,4,Financial,Closed,5/25/2023,10/23/2023
146,2869,30,220,574,179,CA,D,9,2,Financial,Pending,5/26/2023,10/24/2023
147,7380,85,991,459,998,FL,D,5,2,Legal,Open,5/27/2023,10/25/2023
148,6407,58,255,926,316,TX,A,5,1,Legal,Open,5/28/2023,10/26/2023
149,2371,13,758,358,979,IL,A,9,0,Technical,Closed,5/29/2023,10/27/2023
150,8016,54,383,798,298,CA,B,6,3,Legal,Pending,5/30/2023,10/28/2023
151,8535,50,842,207,540,IL,D,4,4,Operational,Closed,5/31/2023,10/29/2023
152,9425,67,788,941,383,NY,A,4,4,Legal,Closed,6/1/2023,10/30/2023
153,6939,61,617,823,764,TX,B,9,1,Legal,Closed,6/2/2023,10/31/2023
154,9739,95,206,656,678,CA,C,6,2,Financial,Closed,6/3/2023,11/1/2023
155,3618,23,967,353,779,CA,B,7,0,Operational,Closed,6/4/2023,11/2/2023
156,2025,27,386,330,258,FL,D,5,0,Technical,Closed,6/5/2023,11/3/2023
157,9636,93,363,425,919,NY,B,3,0,Legal,Closed,6/6/2023,11/4/2023
158,5475,49,520,335,491,FL,A,5,2,Technical,Pending,6/7/2023,11/5/2023
159,6404,55,291,482,599,FL,A,7,4,Technical,Pending,6/8/2023,11/6/2023
160,2396,69,967,121,300,FL,D,4,2,Legal,Closed,6/9/2023,11/7/2023
161,3495,62,136,109,183,NY,B,8,1,Technical,Open,6/10/2023,11/8/2023
162,2108,4,109,122,334,CA,B,6,2,Technical,Pending,6/11/2023,11/9/2023
163,6294,11,684,333,201,NY,C,6,1,Technical,Closed,6/12/2023,11/10/2023
164,4648,69,241,929,348,FL,D,6,0,Financial,Pending,6/13/2023,11/11/2023
165,6222,66,684,984,756,TX,D,1,3,Technical,Closed,6/14/2023,11/12/2023
166,5052,94,663,951,396,NY,A,0,4,Operational,Open,6/15/2023,11/13/2023
167,5155,31,376,418,964,FL,C,7,1,Operational,Open,6/16/2023,11/14/2023
168,4629,2,142,123,118,CA,D,9,2,Legal,Open,6/17/2023,11/15/2023
169,4791,33,925,893,350,FL,D,9,2,Legal,Closed,6/18/2023,11/16/2023
170,9946,92,541,932,618,FL,D,6,4,Technical,Open,6/19/2023,11/17/2023
171,9033,49,250,370,106,CA,A,8,2,Operational,Pending,6/20/2023,11/18/2023
172,3271,26,745,173,342,NY,A,7,0,Legal,Closed,6/21/2023,11/19/2023
173,8165,95,923,194,342,IL,C,7,3,Financial,Closed,6/22/2023,11/20/2023
174,5798,54,325,735,425,CA,B,5,0,Operational,Pending,6/23/2023,11/21/2023
175,5640,33,473,866,969,IL,D,8,0,Operational,Open,6/24/2023,11/22/2023
176,1225,67,313,130,890,FL,B,1,4,Operational,Closed,6/25/2023,11/23/2023
177,1946,20,485,458,923,FL,B,3,2,Legal,Closed,6/26/2023,11/24/2023
178,6704,94,959,963,402,NY,C,9,0,Financial,Closed,6/27/2023,11/25/2023
179,4449,23,440,701,952,NY,D,3,1,Technical,Open,6/28/2023,11/26/2023
180,2564,18,531,539,837,TX,C,3,2,Operational,Open,6/29/2023,11/27/2023
181,7113,87,191,819,885,CA,B,6,3,Technical,Open,6/30/2023,11/28/2023
182,7206,4,133,500,571,NY,D,2,2,Legal,Pending,7/1/2023,11/29/2023
183,8429,67,423,286,209,TX,B,3,0,Operational,Pending,7/2/2023,11/30/2023
184,1327,32,115,224,305,FL,D,0,0,Technical,Open,7/3/2023,12/1/2023
185,2371,1,582,251,288,IL,B,6,4,Legal,Closed,7/4/2023,12/2/2023
186,4858,59,640,368,475,TX,D,5,0,Operational,Pending,7/5/2023,12/3/2023
187,4848,33,784,342,981,IL,A,5,0,Technical,Closed,7/6/2023,12/4/2023
188,5438,78,610,479,301,TX,B,9,2,Financial,Pending,7/7/2023,12/5/2023
189,2370,94,189,767,245,CA,A,1,1,Legal,Open,7/8/2023,12/6/2023
190,3532,25,958,476,797,IL,A,6,0,Legal,Open,7/9/2023,12/7/2023
191,5000,19,507,264,252,IL,B,2,4,Legal,Pending,7/10/2023,12/8/2023
192,4439,85,323,606,305,IL,A,3,4,Financial,Open,7/11/2023,12/9/2023
193,3197,8,104,941,191,NY,C,0,3,Legal,Pending,7/12/2023,12/10/2023
194,3543,41,614,680,123,IL,A,5,3,Legal,Closed,7/13/2023,12/11/2023
195,1741,97,976,267,719,NY,A,0,1,Financial,Closed,7/14/2023,12/12/2023
196,7397,62,479,522,621,IL,C,3,2,Operational,Pending,7/15/2023,12/13/2023
197,6238,48,386,957,625,CA,C,3,4,Legal,Open,7/16/2023,12/14/2023
198,6219,32,325,407,226,IL,D,2,1,Operational,Closed,7/17/2023,12/15/2023
199,8714,11,870,967,705,NY,D,0,3,Legal,Closed,7/18/2023,12/16/2023
200,5822,72,992,779,489,NY,A,0,2,Technical,Pending,7/19/2023,12/17/2023
201,6423,14,810,574,321,NY,C,0,2,Operational,Pending,7/20/2023,12/18/2023
202,4512,31,976,116,862,TX,A,6,3,Financial,Closed,7/21/2023,12/19/2023
203,3429,64,775,240,989,TX,A,8,2,Financial,Pending,7/22/2023,12/20/2023
204,1756,25,899,120,586,TX,A,8,3,Operational,Pending,7/23/2023,12/21/2023
205,9609,91,424,460,224,FL,A,3,4,Operational,Pending,7/24/2023,12/22/2023
206,3684,46,428,729,970,FL,D,0,4,Technical,Open,7/25/2023,12/23/2023
207,1873,82,329,746,120,FL,B,5,4,Legal,Closed,7/26/2023,12/24/2023
208,3385,1,735,919,428,TX,C,0,1,Technical,Closed,7/27/2023,12/25/2023
209,3638,11,781,968,199,TX,D,2,2,Financial,Closed,7/28/2023,12/26/2023
210,2280,89,550,328,877,TX,C,4,4,Financial,Pending,7/29/2023,12/27/2023
211,5701,38,192,281,430,CA,D,6,0,Technical,Pending,7/30/2023,12/28/2023
212,8323,46,166,769,622,CA,B,8,1,Financial,Open,7/31/2023,12/29/2023
213,3142,9,174,470,813,TX,B,2,0,Legal,Pending,8/1/2023,12/30/2023
214,6054,29,148,827,635,NY,A,7,4,Legal,Open,8/2/2023,12/31/2023
215,1744,2,585,847,399,NY,C,2,4,Technical,Closed,8/3/2023,1/1/2024
216,2850,87,647,462,375,TX,C,2,3,Financial,Open,8/4/2023,1/2/2024
217,8799,18,194,330,716,FL,D,8,4,Operational,Pending,8/5/2023,1/3/2024
218,7211,12,996,309,417,FL,B,6,0,Legal,Open,8/6/2023,1/4/2024
219,3364,8,674,840,423,TX,A,0,3,Operational,Pending,8/7/2023,1/5/2024
220,4910,10,585,868,668,NY,C,6,3,Technical,Open,8/8/2023,1/6/2024
221,2994,62,617,878,230,NY,A,3,3,Technical,Pending,8/9/2023,1/7/2024
222,3965,3,239,217,405,IL,A,5,3,Operational,Pending,8/10/2023,1/8/2024
223,1218,45,550,453,497,NY,D,3,3,Legal,Open,8/11/2023,1/9/2024
224,3023,15,598,118,226,FL,D,2,3,Legal,Open,8/12/2023,1/10/2024
225,6836,71,458,846,381,NY,C,9,1,Technical,Open,8/13/2023,1/11/2024
226,9307,72,307,125,561,CA,B,8,4,Financial,Closed,8/14/2023,1/12/2024
227,3055,6,223,703,389,FL,B,2,0,Legal,Closed,8/15/2023,1/13/2024
228,4948,28,216,220,630,FL,B,6,2,Financial,Open,8/16/2023,1/14/2024
229,1261,69,282,245,885,IL,D,3,4,Technical,Pending,8/17/2023,1/15/2024
230,7752,10,727,235,778,NY,B,9,2,Technical,Open,8/18/2023,1/16/2024
231,8361,49,826,599,193,FL,D,2,4,Legal,Closed,8/19/2023,1/17/2024
232,8017,65,114,768,928,IL,A,8,1,Operational,Open,8/20/2023,1/18/2024
233,9543,19,346,703,230,FL,B,6,2,Financial,Closed,8/21/2023,1/19/2024
234,9971,53,340,482,329,FL,D,3,4,Financial,Pending,8/22/2023,1/20/2024
235,8632,19,422,694,964,NY,D,1,1,Operational,Pending,8/23/2023,1/21/2024
236,1144,74,693,648,320,FL,D,9,4,Operational,Closed,8/24/2023,1/22/2024
237,1644,34,959,554,569,TX,D,1,0,Legal,Pending,8/25/2023,1/23/2024
238,2107,37,381,413,458,TX,C,3,1,Legal,Closed,8/26/2023,1/24/2024
239,7671,50,986,543,982,FL,C,6,1,Financial,Pending,8/27/2023,1/25/2024
240,6403,25,566,166,870,CA,A,2,0,Operational,Pending,8/28/2023,1/26/2024
241,2354,74,127,476,801,TX,C,6,3,Financial,Closed,8/29/2023,1/27/2024
242,9233,71,402,623,532,CA,A,2,4,Financial,Pending,8/30/2023,1/28/2024
243,4541,64,892,998,514,TX,A,3,4,Legal,Open,8/31/2023,1/29/2024
244,1310,30,409,137,357,NY,A,6,1,Financial,Pending,9/1/2023,1/30/2024
245,4370,37,869,668,920,TX,D,4,0,Legal,Closed,9/2/2023,1/31/2024
246,4890,44,144,242,894,IL,A,9,4,Operational,Open,9/3/2023,2/1/2024
247,6086,41,795,833,387,TX,B,5,0,Financial,Closed,9/4/2023,2/2/2024
248,6263,76,623,939,352,CA,D,9,4,Operational,Closed,9/5/2023,2/3/2024
249,3506,48,153,750,350,CA,A,9,0,Legal,Closed,9/6/2023,2/4/2024
250,9603,65,755,906,965,CA,A,1,3,Operational,Pending,9/7/2023,2/5/2024
251,4907,54,706,741,419,IL,C,3,4,Financial,Open,9/8/2023,2/6/2024
252,4334,99,497,940,709,TX,A,1,4,Legal,Pending,9/9/2023,2/7/2024
253,3894,4,990,271,669,FL,A,8,0,Financial,Pending,9/10/2023,2/8/2024
254,1585,94,231,109,281,CA,C,0,1,Legal,Open,9/11/2023,2/9/2024
255,4989,83,703,300,900,CA,D,2,1,Financial,Pending,9/12/2023,2/10/2024
256,8524,56,803,626,559,TX,A,5,1,Operational,Open,9/13/2023,2/11/2024
257,1879,27,104,862,539,CA,C,3,4,Operational,Pending,9/14/2023,2/12/2024
258,3557,12,503,676,136,IL,A,8,0,Financial,Closed,9/15/2023,2/13/2024
259,7005,13,568,985,553,NY,B,0,3,Technical,Closed,9/16/2023,2/14/2024
260,3493,8,291,957,861,FL,A,3,3,Financial,Open,9/17/2023,2/15/2024
261,2059,19,130,310,431,NY,D,5,0,Technical,Closed,9/18/2023,2/16/2024
262,6248,68,475,949,808,FL,A,6,4,Legal,Pending,9/19/2023,2/17/2024
263,7711,45,976,575,291,IL,A,7,0,Operational,Pending,9/20/2023,2/18/2024
264,3302,20,367,635,114,NY,C,9,1,Financial,Closed,9/21/2023,2/19/2024
265,4499,83,624,685,361,TX,C,7,4,Technical,Pending,9/22/2023,2/20/2024
266,3496,26,785,702,265,CA,C,6,1,Operational,Closed,9/23/2023,2/21/2024
267,2248,30,218,220,722,NY,A,1,1,Financial,Open,9/24/2023,2/22/2024
268,2485,92,166,766,216,CA,B,9,2,Financial,Open,9/25/2023,2/23/2024
269,7896,34,242,276,236,CA,D,3,2,Financial,Closed,9/26/2023,2/24/2024
270,5716,47,875,301,207,TX,A,0,2,Operational,Closed,9/27/2023,2/25/2024
271,4225,40,369,134,595,IL,D,2,3,Operational,Closed,9/28/2023,2/26/2024
272,2537,34,615,282,203,TX,A,6,4,Legal,Closed,9/29/2023,2/27/2024
273,7408,59,697,616,856,TX,B,8,2,Operational,Open,9/30/2023,2/28/2024
274,6404,19,180,980,788,NY,D,9,3,Legal,Open,10/1/2023,2/29/2024
275,9197,71,553,271,652,NY,B,3,3,Financial,Closed,10/2/2023,3/1/2024
276,9605,91,911,521,187,TX,C,5,0,Operational,Closed,10/3/2023,3/2/2024
277,9151,33,738,883,912,FL,B,9,3,Operational,Open,10/4/2023,3/3/2024
278,9541,4,265,283,976,CA,D,4,1,Technical,Open,10/5/2023,3/4/2024
279,7900,6,436,178,678,FL,C,6,4,Legal,Pending,10/6/2023,3/5/2024
280,4895,5,715,553,990,IL,A,4,1,Technical,Open,10/7/2023,3/6/2024
281,2635,48,664,195,225,FL,B,5,3,Technical,Open,10/8/2023,3/7/2024
282,9402,15,255,660,836,FL,B,5,4,Legal,Open,10/9/2023,3/8/2024
283,3097,8,466,730,853,CA,D,9,3,Legal,Open,10/10/2023,3/9/2024
284,2608,37,548,586,766,IL,C,8,3,Legal,Closed,10/11/2023,3/10/2024
285,7300,16,726,715,747,NY,A,3,3,Financial,Pending,10/12/2023,3/11/2024
286,6523,37,148,890,300,TX,D,7,2,Technical,Closed,10/13/2023,3/12/2024
287,8674,98,280,170,265,NY,B,9,3,Legal,Open,10/14/2023,3/13/2024
288,5744,1,247,225,652,FL,D,6,3,Legal,Closed,10/15/2023,3/14/2024
289,6559,42,464,432,413,NY,A,8,0,Technical,Open,10/16/2023,3/15/2024
290,6927,79,752,536,133,NY,C,8,3,Legal,Pending,10/17/2023,3/16/2024
291,8477,61,137,512,982,CA,A,7,2,Legal,Pending,10/18/2023,3/17/2024
292,7628,90,221,110,213,IL,A,2,0,Legal,Open,10/19/2023,3/18/2024
293,6252,11,930,366,332,IL,D,2,3,Operational,Closed,10/20/2023,3/19/2024
294,3561,63,169,193,609,FL,C,0,4,Legal,Pending,10/21/2023,3/20/2024
295,9807,55,339,126,740,TX,A,2,4,Operational,Pending,10/22/2023,3/21/2024
296,7679,7,601,826,452,TX,D,7,2,Legal,Closed,10/23/2023,3/22/2024
297,2840,77,548,140,618,CA,D,2,2,Financial,Pending,10/24/2023,3/23/2024
298,2279,97,246,421,400,IL,C,3,0,Legal,Open,10/25/2023,3/24/2024
299,5022,45,258,419,149,TX,B,4,4,Operational,Open,10/26/2023,3/25/2024
300,7700,44,284,671,749,CA,D,8,4,Operational,Pending,10/27/2023,3/26/2024
301,8634,13,633,840,460,CA,C,0,2,Operational,Pending,10/28/2023,3/27/2024
302,1275,14,651,393,658,IL,A,4,1,Legal,Closed,10/29/2023,3/28/2024
303,7779,93,462,609,684,NY,B,4,2,Financial,Closed,10/30/2023,3/29/2024
304,8739,27,120,754,793,TX,B,9,0,Operational,Closed,10/31/2023,3/30/2024
305,2097,95,782,719,565,CA,C,2,1,Financial,Pending,11/1/2023,3/31/2024
306,4474,85,869,168,174,CA,C,6,4,Technical,Closed,11/2/2023,4/1/2024
307,9463,40,958,339,212,NY,B,7,0,Legal,Open,11/3/2023,4/2/2024
308,5227,21,751,208,404,TX,B,0,1,Technical,Pending,11/4/2023,4/3/2024
309,8646,78,112,366,819,FL,A,1,1,Technical,Open,11/5/2023,4/4/2024
310,6889,91,777,885,976,CA,A,5,4,Legal,Open,11/6/2023,4/5/2024
311,3837,77,140,661,813,TX,D,6,3,Legal,Pending,11/7/2023,4/6/2024
312,1163,20,989,591,209,CA,C,0,4,Operational,Open,11/8/2023,4/7/2024
313,3536,87,890,997,153,IL,B,0,2,Technical,Open,11/9/2023,4/8/2024
314,2748,36,695,106,589,NY,D,9,3,Technical,Pending,11/10/2023,4/9/2024
315,5809,11,434,500,215,CA,B,4,0,Technical,Closed,11/11/2023,4/10/2024
316,9347,38,523,592,688,CA,B,3,2,Operational,Open,11/12/2023,4/11/2024
317,5264,62,123,696,457,IL,A,4,0,Operational,Open,11/13/2023,4/12/2024
318,3615,61,115,542,629,IL,A,1,0,Technical,Pending,11/14/2023,4/13/2024
319,9939,37,806,679,891,TX,D,1,3,Legal,Pending,11/15/2023,4/14/2024
320,1018,29,873,621,775,FL,C,0,2,Operational,Closed,11/16/2023,4/15/2024
321,9147,48,663,123,533,FL,C,5,0,Legal,Pending,11/17/2023,4/16/2024
322,2983,42,835,445,464,NY,B,9,2,Operational,Pending,11/18/2023,4/17/2024
323,1886,10,719,951,928,FL,D,3,2,Operational,Open,11/19/2023,4/18/2024
324,7947,45,648,854,172,CA,B,8,1,Legal,Pending,11/20/2023,4/19/2024
325,2262,50,979,667,535,FL,D,3,2,Legal,Closed,11/21/2023,4/20/2024
326,9670,77,619,715,992,NY,C,5,3,Technical,Open,11/22/2023,4/21/2024
327,3076,76,720,755,917,CA,B,4,0,Financial,Pending,11/23/2023,4/22/2024
328,1787,68,514,594,626,FL,A,4,0,Operational,Pending,11/24/2023,4/23/2024
329,5625,99,243,841,534,CA,D,7,3,Financial,Pending,11/25/2023,4/24/2024
330,4075,70,701,161,235,CA,B,1,2,Operational,Closed,11/26/2023,4/25/2024
331,5410,43,621,130,226,FL,C,2,2,Operational,Open,11/27/2023,4/26/2024
332,2508,22,216,877,984,TX,A,3,3,Financial,Closed,11/28/2023,4/27/2024
333,9359,55,186,223,460,FL,C,5,1,Operational,Closed,11/29/2023,4/28/2024
334,6142,32,521,522,971,CA,C,8,2,Operational,Open,11/30/2023,4/29/2024
335,9844,10,933,232,144,FL,C,1,2,Operational,Pending,12/1/2023,4/30/2024
336,3354,23,218,904,848,FL,B,7,2,Legal,Open,12/2/2023,5/1/2024
337,6606,75,541,847,619,CA,A,0,1,Operational,Closed,12/3/2023,5/2/2024
338,7282,24,226,339,541,FL,C,9,4,Operational,Closed,12/4/2023,5/3/2024
339,1939,16,905,951,241,FL,D,0,0,Legal,Closed,12/5/2023,5/4/2024
340,7532,4,156,399,170,FL,D,2,2,Technical,Open,12/6/2023,5/5/2024
341,6208,66,254,960,175,NY,D,9,3,Financial,Pending,12/7/2023,5/6/2024
342,6610,40,537,150,589,TX,A,0,0,Legal,Pending,12/8/2023,5/7/2024
343,9981,79,191,347,303,CA,B,9,1,Legal,Closed,12/9/2023,5/8/2024
344,6430,43,183,747,682,NY,A,6,1,Legal,Open,12/10/2023,5/9/2024
345,3787,67,900,513,734,FL,D,1,2,Financial,Pending,12/11/2023,5/10/2024
346,5930,84,553,638,989,NY,A,8,4,Technical,Closed,12/12/2023,5/11/2024
347,9755,32,681,281,968,CA,B,3,1,Legal,Closed,12/13/2023,5/12/2024
348,4726,47,747,813,644,FL,D,1,1,Financial,Closed,12/14/2023,5/13/2024
349,8751,83,683,254,657,IL,D,1,4,Financial,Open,12/15/2023,5/14/2024
350,4937,39,192,824,980,IL,D,3,1,Legal,Closed,12/16/2023,5/15/2024
351,5391,21,479,418,897,IL,B,7,4,Operational,Pending,12/17/2023,5/16/2024
352,9583,76,688,226,425,IL,A,2,1,Legal,Pending,12/18/2023,5/17/2024
353,7692,51,339,594,236,IL,B,4,1,Operational,Open,12/19/2023,5/18/2024
354,4282,19,205,518,555,NY,A,9,0,Operational,Open,12/20/2023,5/19/2024
355,6941,16,957,524,320,FL,A,9,1,Technical,Closed,12/21/2023,5/20/2024
356,5535,44,719,371,423,IL,C,2,4,Operational,Pending,12/22/2023,5/21/2024
357,8739,87,436,357,255,CA,B,9,0,Legal,Pending,12/23/2023,5/22/2024
358,4465,26,399,147,141,CA,A,3,3,Legal,Open,12/24/2023,5/23/2024
359,7560,20,629,322,473,CA,B,8,4,Operational,Closed,12/25/2023,5/24/2024
360,1366,18,689,983,128,CA,C,7,4,Operational,Pending,12/26/2023,5/25/2024
361,7838,92,333,476,833,NY,A,9,1,Operational,Closed,12/27/2023,5/26/2024
362,5747,41,472,614,573,TX,D,1,0,Operational,Open,12/28/2023,5/27/2024
363,3882,62,115,921,920,NY,D,8,3,Legal,Closed,12/29/2023,5/28/2024
364,1470,74,399,201,407,IL,A,2,0,Operational,Open,12/30/2023,5/29/2024
365,7968,82,306,551,637,TX,C,0,0,Operational,Open,12/31/2023,5/30/2024
366,9731,3,744,231,734,CA,B,0,0,Financial,Open,1/1/2024,5/31/2024
367,6466,15,741,627,972,TX,A,5,2,Operational,Pending,1/2/2024,6/1/2024
368,7697,40,566,987,437,TX,A,5,2,Financial,Pending,1/3/2024,6/2/2024
369,1032,33,334,584,377,CA,C,7,4,Legal,Open,1/4/2024,6/3/2024
370,3878,34,256,261,641,TX,C,6,2,Financial,Closed,1/5/2024,6/4/2024
371,6249,34,453,833,688,NY,A,0,2,Financial,Pending,1/6/2024,6/5/2024
372,8085,35,237,788,386,TX,D,2,1,Financial,Pending,1/7/2024,6/6/2024
373,5681,34,883,222,672,NY,D,9,4,Financial,Pending,1/8/2024,6/7/2024
374,2812,83,530,561,476,NY,C,0,1,Operational,Closed,1/9/2024,6/8/2024
375,3813,8,255,297,158,FL,B,1,4,Technical,Pending,1/10/2024,6/9/2024
376,9159,96,265,230,701,CA,C,4,3,Operational,Pending,1/11/2024,6/10/2024
377,1230,18,862,385,477,FL,D,4,4,Financial,Pending,1/12/2024,6/11/2024
378,9341,62,743,186,866,FL,C,6,3,Financial,Closed,1/13/2024,6/12/2024
379,4122,19,650,862,609,IL,C,1,4,Operational,Pending,1/14/2024,6/13/2024
380,9212,49,266,246,975,CA,D,2,2,Legal,Closed,1/15/2024,6/14/2024
381,1189,3,843,695,192,IL,D,5,0,Financial,Closed,1/16/2024,6/15/2024
382,3121,91,118,935,243,TX,C,9,1,Financial,Open,1/17/2024,6/16/2024
383,9368,21,654,664,595,TX,D,1,1,Financial,Open,1/18/2024,6/17/2024
384,9870,48,219,263,915,FL,A,8,1,Technical,Open,1/19/2024,6/18/2024
385,4681,4,658,290,756,TX,D,6,3,Financial,Open,1/20/2024,6/19/2024
386,7862,8,401,514,727,TX,C,1,0,Financial,Open,1/21/2024,6/20/2024
387,1984,56,167,186,975,NY,A,9,4,Legal,Open,1/22/2024,6/21/2024
388,7261,58,116,481,159,FL,C,3,1,Technical,Closed,1/23/2024,6/22/2024
389,1134,76,384,141,574,FL,D,7,2,Operational,Open,1/24/2024,6/23/2024
390,2175,52,997,782,411,CA,D,9,1,Legal,Open,1/25/2024,6/24/2024
391,6636,67,298,316,550,CA,C,1,4,Legal,Open,1/26/2024,6/25/2024
392,7997,74,834,447,412,FL,B,0,2,Technical,Closed,1/27/2024,6/26/2024
393,4545,40,353,939,975,TX,A,1,2,Operational,Open,1/28/2024,6/27/2024
394,2566,58,580,559,349,FL,A,6,1,Legal,Pending,1/29/2024,6/28/2024
395,1483,59,234,937,500,CA,C,4,0,Legal,Pending,1/30/2024,6/29/2024
396,4385,65,887,418,484,NY,C,3,2,Operational,Closed,1/31/2024,6/30/2024
397,9307,37,697,522,166,NY,C,0,0,Operational,Pending,2/1/2024,7/1/2024
398,3764,73,673,603,466,FL,B,7,2,Operational,Closed,2/2/2024,7/2/2024
399,7694,54,382,310,200,NY,D,5,1,Operational,Closed,2/3/2024,7/3/2024
400,3170,51,363,358,560,FL,D,5,3,Financial,Open,2/4/2024,7/4/2024
401,4819,34,254,168,603,IL,A,6,2,Legal,Closed,2/5/2024,7/5/2024
402,5242,56,992,664,612,FL,D,4,4,Technical,Pending,2/6/2024,7/6/2024
403,7132,34,270,626,567,IL,B,8,2,Financial,Closed,2/7/2024,7/7/2024
404,9961,81,278,413,424,IL,C,8,3,Technical,Open,2/8/2024,7/8/2024
405,5943,99,855,842,354,TX,C,3,2,Technical,Closed,2/9/2024,7/9/2024
406,1721,16,813,437,682,NY,A,1,4,Legal,Open,2/10/2024,7/10/2024
407,4911,92,724,593,520,TX,B,2,1,Financial,Open,2/11/2024,7/11/2024
408,9175,63,256,692,691,CA,D,3,1,Technical,Open,2/12/2024,7/12/2024
409,1392,30,634,131,992,NY,C,8,4,Legal,Pending,2/13/2024,7/13/2024
410,6275,34,100,442,406,NY,B,0,3,Technical,Open,2/14/2024,7/14/2024
411,9654,41,210,585,470,TX,C,7,4,Legal,Pending,2/15/2024,7/15/2024
412,5150,99,106,435,986,CA,C,7,3,Operational,Open,2/16/2024,7/16/2024
413,2386,89,302,609,520,TX,A,4,1,Operational,Closed,2/17/2024,7/17/2024
414,4534,3,116,524,234,IL,D,0,0,Financial,Open,2/18/2024,7/18/2024
415,2579,2,286,904,290,FL,D,2,3,Financial,Pending,2/19/2024,7/19/2024
416,8287,28,717,180,709,FL,D,3,0,Operational,Pending,2/20/2024,7/20/2024
417,2386,91,314,664,557,CA,C,0,0,Financial,Open,2/21/2024,7/21/2024
418,1173,94,596,530,423,NY,B,2,3,Financial,Closed,2/22/2024,7/22/2024
419,6166,45,502,388,244,CA,D,7,4,Financial,Pending,2/23/2024,7/23/2024
420,8298,48,428,292,684,TX,A,6,3,Operational,Open,2/24/2024,7/24/2024
421,1585,32,761,816,367,CA,B,7,2,Financial,Open,2/25/2024,7/25/2024
422,9311,30,358,618,924,IL,B,1,0,Technical,Pending,2/26/2024,7/26/2024
423,6804,60,496,800,351,FL,B,2,2,Technical,Open,2/27/2024,7/27/2024
424,3782,67,757,356,942,NY,B,3,1,Financial,Closed,2/28/2024,7/28/2024
425,3531,60,459,738,530,IL,A,7,0,Operational,Open,2/29/2024,7/29/2024
426,4892,10,618,372,154,TX,C,0,2,Legal,Closed,3/1/2024,7/30/2024
427,7763,16,335,978,619,TX,A,7,1,Financial,Open,3/2/2024,7/31/2024
428,1084,57,431,267,340,NY,D,1,2,Legal,Pending,3/3/2024,8/1/2024
429,1039,6,989,212,522,TX,C,5,0,Operational,Closed,3/4/2024,8/2/2024
430,6717,44,712,600,366,NY,D,3,3,Financial,Closed,3/5/2024,8/3/2024
431,3817,74,135,719,542,FL,C,7,0,Legal,Open,3/6/2024,8/4/2024
432,3725,76,700,814,869,IL,D,1,0,Operational,Closed,3/7/2024,8/5/2024
433,8491,87,669,893,588,FL,A,6,1,Technical,Closed,3/8/2024,8/6/2024
434,5745,70,937,609,261,IL,C,9,3,Operational,Pending,3/9/2024,8/7/2024
435,3907,35,143,433,485,TX,B,6,2,Operational,Closed,3/10/2024,8/8/2024
436,7252,95,476,458,941,IL,C,8,0,Technical,Closed,3/11/2024,8/9/2024
437,2264,50,251,664,576,FL,C,8,2,Legal,Pending,3/12/2024,8/10/2024
438,4031,44,578,466,219,IL,C,0,1,Technical,Pending,3/13/2024,8/11/2024
439,4866,68,274,886,687,TX,C,4,1,Financial,Pending,3/14/2024,8/12/2024
440,6213,95,315,194,440,IL,A,9,0,Financial,Open,3/15/2024,8/13/2024
441,6942,78,971,734,349,TX,C,6,4,Operational,Open,3/16/2024,8/14/2024
442,1265,30,168,986,157,TX,C,0,0,Technical,Open,3/17/2024,8/15/2024
443,5673,74,973,756,361,TX,D,7,1,Technical,Pending,3/18/2024,8/16/2024
444,1663,2,978,370,103,FL,C,8,3,Legal,Open,3/19/2024,8/17/2024
445,2949,14,888,555,605,FL,A,7,3,Legal,Pending,3/20/2024,8/18/2024
446,2171,23,129,703,906,IL,A,5,2,Legal,Closed,3/21/2024,8/19/2024
447,6558,25,816,648,467,CA,C,7,0,Technical,Pending,3/22/2024,8/20/2024
448,5543,82,179,945,945,NY,A,0,3,Financial,Open,3/23/2024,8/21/2024
449,7229,94,126,634,743,TX,A,5,2,Operational,Open,3/24/2024,8/22/2024
450,5215,95,853,737,702,IL,B,6,1,Legal,Open,3/25/2024,8/23/2024
451,2480,86,299,763,480,NY,B,2,2,Technical,Pending,3/26/2024,8/24/2024
452,7842,79,891,692,117,NY,C,8,1,Financial,Pending,3/27/2024,8/25/2024
453,1155,77,880,248,637,FL,C,5,4,Financial,Pending,3/28/2024,8/26/2024
454,5022,17,674,953,553,FL,D,1,0,Legal,Closed,3/29/2024,8/27/2024
455,6992,33,165,571,319,IL,A,3,1,Legal,Open,3/30/2024,8/28/2024
456,7375,15,808,510,226,CA,A,4,4,Financial,Open,3/31/2024,8/29/2024
457,2397,94,387,713,861,CA,D,7,4,Operational,Closed,4/1/2024,8/30/2024
458,1372,77,546,474,627,NY,A,6,4,Legal,Pending,4/2/2024,8/31/2024
459,3667,77,890,927,290,TX,B,8,4,Financial,Pending,4/3/2024,9/1/2024
460,4210,15,704,538,795,CA,C,6,3,Operational,Open,4/4/2024,9/2/2024
461,8227,60,739,847,377,IL,C,3,1,Operational,Open,4/5/2024,9/3/2024
462,6674,14,850,162,270,NY,A,3,0,Technical,Pending,4/6/2024,9/4/2024
463,9957,41,689,308,229,TX,C,2,3,Legal,Closed,4/7/2024,9/5/2024
464,1561,66,511,379,120,CA,C,0,2,Financial,Open,4/8/2024,9/6/2024
465,9633,57,626,118,190,IL,C,5,3,Legal,Pending,4/9/2024,9/7/2024
466,9847,20,419,939,785,IL,A,5,4,Technical,Closed,4/10/2024,9/8/2024
467,9776,94,552,627,283,IL,A,0,1,Legal,Closed,4/11/2024,9/9/2024
468,2601,90,362,890,744,IL,C,9,2,Operational,Open,4/12/2024,9/10/2024
469,9059,84,522,360,612,FL,D,3,4,Legal,Pending,4/13/2024,9/11/2024
470,1540,50,123,900,642,NY,C,0,0,Technical,Pending,4/14/2024,9/12/2024
471,5824,2,154,812,527,CA,B,4,3,Legal,Closed,4/15/2024,9/13/2024
472,6924,58,786,522,897,CA,C,6,4,Financial,Pending,4/16/2024,9/14/2024
473,1866,97,972,667,536,NY,D,9,3,Legal,Open,4/17/2024,9/15/2024
474,9903,55,969,943,438,NY,C,4,1,Financial,Closed,4/18/2024,9/16/2024
475,6009,8,632,373,992,IL,C,8,1,Operational,Closed,4/19/2024,9/17/2024
476,5211,58,566,283,867,NY,D,7,2,Legal,Pending,4/20/2024,9/18/2024
477,6669,56,647,848,968,IL,B,7,4,Financial,Open,4/21/2024,9/19/2024
478,2358,77,862,384,256,TX,B,0,2,Technical,Open,4/22/2024,9/20/2024
479,6256,36,407,373,367,FL,C,5,3,Legal,Closed,4/23/2024,9/21/2024
480,6764,29,479,792,329,TX,B,2,2,Technical,Pending,4/24/2024,9/22/2024
481,8968,69,626,696,956,FL,B,0,2,Financial,Closed,4/25/2024,9/23/2024
482,9975,38,853,152,421,IL,C,7,0,Operational,Closed,4/26/2024,9/24/2024
483,9421,77,167,121,304,CA,A,8,2,Financial,Open,4/27/2024,9/25/2024
484,1979,95,478,144,115,IL,A,4,2,Operational,Pending,4/28/2024,9/26/2024
485,8034,95,781,871,407,IL,B,7,4,Technical,Closed,4/29/2024,9/27/2024
486,2509,38,131,686,556,FL,D,3,3,Technical,Open,4/30/2024,9/28/2024
487,5677,99,229,205,661,FL,C,1,0,Financial,Pending,5/1/2024,9/29/2024
488,3059,15,562,808,925,IL,B,0,0,Legal,Closed,5/2/2024,9/30/2024
489,3309,5,200,180,981,FL,D,8,1,Operational,Pending,5/3/2024,10/1/2024
490,8349,15,956,776,368,TX,C,0,3,Technical,Pending,5/4/2024,10/2/2024
491,9076,31,675,933,489,NY,A,1,2,Legal,Closed,5/5/2024,10/3/2024
492,2921,45,672,103,567,CA,C,3,1,Operational,Pending,5/6/2024,10/4/2024
493,3358,6,194,581,295,TX,A,2,1,Legal,Closed,5/7/2024,10/5/2024
494,7047,96,908,179,567,CA,B,1,3,Legal,Closed,5/8/2024,10/6/2024
495,9797,75,685,539,857,TX,D,4,1,Legal,Closed,5/9/2024,10/7/2024
496,3497,7,156,734,435,IL,A,5,1,Operational,Open,5/10/2024,10/8/2024
497,6045,72,240,200,248,FL,C,3,3,Operational,Closed,5/11/2024,10/9/2024
498,3093,40,418,439,615,CA,B,1,2,Financial,Pending,5/12/2024,10/10/2024
499,3946,17,294,814,336,CA,C,0,0,Financial,Closed,5/13/2024,10/11/2024
500,7996,90,715,191,189,FL,D,2,0,Operational,Closed,5/14/2024,10/12/2024
501,3586,97,824,584,524,TX,D,1,4,Technical,Pending,5/15/2024,10/13/2024
502,7183,14,952,138,798,IL,A,1,2,Legal,Open,5/16/2024,10/14/2024
503,2076,61,187,994,326,CA,C,7,1,Technical,Pending,5/17/2024,10/15/2024
504,5404,67,452,606,191,CA,D,9,0,Technical,Closed,5/18/2024,10/16/2024
505,7038,54,961,284,876,IL,D,7,4,Legal,Pending,5/19/2024,10/17/2024
506,8412,22,217,124,994,CA,A,1,1,Operational,Open,5/20/2024,10/18/2024
507,1638,5,179,961,119,NY,C,0,2,Legal,Closed,5/21/2024,10/19/2024
508,5270,45,785,969,709,TX,A,3,0,Financial,Pending,5/22/2024,10/20/2024
509,6905,36,158,319,589,FL,C,0,1,Technical,Closed,5/23/2024,10/21/2024
510,9143,8,978,810,424,NY,D,8,0,Financial,Open,5/24/2024,10/22/2024
511,3764,93,547,331,243,CA,A,2,3,Financial,Pending,5/25/2024,10/23/2024
512,3465,42,787,848,515,NY,B,6,4,Legal,Closed,5/26/2024,10/24/2024
513,5450,98,447,506,941,FL,B,6,0,Financial,Open,5/27/2024,10/25/2024
514,5421,28,394,678,261,FL,A,5,1,Legal,Pending,5/28/2024,10/26/2024
515,8391,30,104,940,348,IL,A,7,1,Technical,Open,5/29/2024,10/27/2024
516,4860,72,671,418,720,TX,A,1,4,Financial,Open,5/30/2024,10/28/2024
517,8080,75,851,934,996,TX,B,1,1,Operational,Open,5/31/2024,10/29/2024
518,1699,18,565,784,220,CA,A,3,4,Legal,Closed,6/1/2024,10/30/2024
519,7045,23,344,851,921,CA,A,8,3,Financial,Pending,6/2/2024,10/31/2024
520,9586,96,215,337,256,NY,D,0,4,Operational,Open,6/3/2024,11/1/2024
521,1687,3,212,115,658,NY,A,9,2,Operational,Closed,6/4/2024,11/2/2024
522,2946,69,872,860,304,TX,D,3,3,Legal,Open,6/5/2024,11/3/2024
523,8641,65,976,319,587,CA,A,9,2,Operational,Closed,6/6/2024,11/4/2024
524,4857,68,606,173,246,IL,A,1,0,Financial,Open,6/7/2024,11/5/2024
525,7765,21,631,366,662,TX,B,3,3,Financial,Closed,6/8/2024,11/6/2024
526,4633,29,686,507,571,TX,A,6,2,Technical,Open,6/9/2024,11/7/2024
527,5590,37,921,823,605,FL,D,7,3,Operational,Open,6/10/2024,11/8/2024
528,6245,21,298,187,819,CA,A,1,0,Legal,Pending,6/11/2024,11/9/2024
529,7470,48,824,809,513,TX,B,9,0,Financial,Pending,6/12/2024,11/10/2024
530,8739,66,742,260,371,TX,B,3,3,Financial,Pending,6/13/2024,11/11/2024
531,4231,74,300,656,644,FL,C,2,3,Technical,Open,6/14/2024,11/12/2024
532,3295,29,461,357,894,FL,A,5,4,Operational,Closed,6/15/2024,11/13/2024
533,3191,83,632,179,767,IL,D,2,0,Financial,Pending,6/16/2024,11/14/2024
534,5502,49,932,957,575,TX,A,7,1,Legal,Pending,6/17/2024,11/15/2024
535,4684,87,305,301,787,CA,C,0,4,Technical,Open,6/18/2024,11/16/2024
536,4382,14,293,833,203,CA,D,0,2,Legal,Pending,6/19/2024,11/17/2024
537,7746,97,197,747,646,NY,B,9,1,Financial,Open,6/20/2024,11/18/2024
538,7806,5,310,638,531,NY,B,7,0,Legal,Closed,6/21/2024,11/19/2024
539,3511,79,528,168,101,NY,B,7,0,Technical,Open,6/22/2024,11/20/2024
540,9711,59,100,755,914,IL,C,8,1,Financial,Open,6/23/2024,11/21/2024
541,5315,28,873,479,706,CA,D,0,4,Financial,Pending,6/24/2024,11/22/2024
542,9752,55,243,953,847,FL,C,9,2,Financial,Open,6/25/2024,11/23/2024
543,6898,82,492,994,815,CA,D,6,2,Financial,Open,6/26/2024,11/24/2024
544,5009,5,135,442,353,TX,D,5,1,Technical,Open,6/27/2024,11/25/2024
545,8976,37,298,545,418,CA,C,5,2,Legal,Open,6/28/2024,11/26/2024
546,6877,17,855,852,160,IL,D,8,1,Technical,Pending,6/29/2024,11/27/2024
547,2368,90,853,693,907,IL,C,1,3,Legal,Closed,6/30/2024,11/28/2024
548,7584,18,465,253,125,TX,A,2,2,Financial,Pending,7/1/2024,11/29/2024
549,4617,17,273,687,730,TX,B,8,1,Operational,Open,7/2/2024,11/30/2024
550,1342,86,520,696,649,NY,D,1,4,Legal,Open,7/3/2024,12/1/2024
551,9705,25,640,567,320,IL,A,9,3,Technical,Pending,7/4/2024,12/2/2024
552,8161,6,204,118,440,FL,D,9,4,Operational,Closed,7/5/2024,12/3/2024
553,3170,81,661,799,115,NY,A,8,3,Operational,Closed,7/6/2024,12/4/2024
554,2825,55,267,166,307,IL,B,3,3,Financial,Open,7/7/2024,12/5/2024
555,7981,63,769,266,951,IL,A,3,1,Technical,Closed,7/8/2024,12/6/2024
556,1397,93,537,193,361,IL,A,7,2,Operational,Pending,7/9/2024,12/7/2024
557,4195,68,429,582,343,FL,B,2,0,Legal,Closed,7/10/2024,12/8/2024
558,6096,22,262,653,833,FL,B,5,1,Operational,Open,7/11/2024,12/9/2024
559,9422,69,805,563,544,IL,A,8,3,Financial,Closed,7/12/2024,12/10/2024
560,4316,87,306,275,790,NY,B,4,3,Operational,Closed,7/13/2024,12/11/2024
561,5015,85,728,916,435,FL,B,9,1,Operational,Closed,7/14/2024,12/12/2024
562,2717,33,626,327,406,FL,A,7,0,Technical,Closed,7/15/2024,12/13/2024
563,2056,41,240,747,510,IL,B,4,0,Technical,Closed,7/16/2024,12/14/2024
564,5449,57,114,226,234,NY,C,9,0,Financial,Closed,7/17/2024,12/15/2024
565,3849,60,369,347,103,IL,B,4,1,Financial,Closed,7/18/2024,12/16/2024
566,6122,52,555,271,394,NY,B,7,1,Legal,Open,7/19/2024,12/17/2024
567,8696,70,697,198,385,IL,B,0,0,Financial,Closed,7/20/2024,12/18/2024
568,5563,64,739,189,108,CA,B,3,0,Financial,Closed,7/21/2024,12/19/2024
569,7590,31,204,764,434,IL,B,9,2,Legal,Closed,7/22/2024,12/20/2024
570,6382,36,962,497,274,CA,D,5,4,Operational,Pending,7/23/2024,12/21/2024
571,2356,1,648,678,213,NY,C,0,0,Technical,Pending,7/24/2024,12/22/2024
572,3932,92,400,249,705,NY,A,5,3,Operational,Open,7/25/2024,12/23/2024
573,6305,52,616,916,250,CA,C,1,4,Technical,Pending,7/26/2024,12/24/2024
574,9328,18,629,471,278,IL,B,0,4,Financial,Closed,7/27/2024,12/25/2024
575,9395,71,776,675,773,NY,A,9,1,Financial,Pending,7/28/2024,12/26/2024
576,3857,11,443,149,849,TX,A,6,0,Technical,Closed,7/29/2024,12/27/2024
577,4946,6,981,841,955,FL,D,5,4,Financial,Closed,7/30/2024,12/28/2024
578,1222,59,988,287,249,NY,D,0,0,Legal,Pending,7/31/2024,12/29/2024
579,3555,45,959,335,397,TX,D,5,3,Legal,Open,8/1/2024,12/30/2024
580,5854,67,322,617,622,CA,B,2,0,Financial,Open,8/2/2024,12/31/2024
581,3095,21,221,325,260,TX,A,8,0,Financial,Closed,8/3/2024,1/1/2025
582,1937,56,182,995,435,IL,C,8,1,Legal,Closed,8/4/2024,1/2/2025
583,7149,39,494,964,337,FL,C,6,2,Operational,Open,8/5/2024,1/3/2025
584,4210,79,694,625,262,CA,B,7,3,Operational,Closed,8/6/2024,1/4/2025
585,3150,75,993,730,173,NY,D,9,4,Operational,Closed,8/7/2024,1/5/2025
586,7393,58,646,340,945,TX,B,0,2,Financial,Pending,8/8/2024,1/6/2025
587,2381,76,614,696,620,FL,C,6,2,Financial,Open,8/9/2024,1/7/2025
588,3098,14,903,961,382,NY,A,8,2,Technical,Open,8/10/2024,1/8/2025
589,5691,92,410,186,128,TX,C,5,2,Operational,Pending,8/11/2024,1/9/2025
590,2066,20,259,844,431,TX,B,0,4,Legal,Pending,8/12/2024,1/10/2025
591,3011,6,135,274,219,IL,C,4,2,Technical,Closed,8/13/2024,1/11/2025
592,6176,92,918,239,602,NY,A,6,0,Technical,Closed,8/14/2024,1/12/2025
593,4365,17,872,173,321,CA,D,0,4,Operational,Open,8/15/2024,1/13/2025
594,1826,39,507,196,292,CA,C,3,1,Technical,Closed,8/16/2024,1/14/2025
595,3708,5,236,887,985,IL,A,2,1,Technical,Pending,8/17/2024,1/15/2025
596,3653,76,882,171,107,NY,D,1,1,Financial,Closed,8/18/2024,1/16/2025
597,5289,24,803,667,451,TX,C,6,1,Financial,Pending,8/19/2024,1/17/2025
598,6261,71,832,845,377,TX,C,9,0,Financial,Closed,8/20/2024,1/18/2025
599,2662,24,482,761,299,IL,D,2,2,Technical,Closed,8/21/2024,1/19/2025
600,4368,97,835,468,393,NY,B,3,3,Operational,Open,8/22/2024,1/20/2025
601,7389,11,294,183,207,NY,B,5,0,Technical,Pending,8/23/2024,1/21/2025
602,1170,52,156,160,893,TX,A,0,0,Technical,Open,8/24/2024,1/22/2025
603,1550,90,494,504,156,NY,C,0,3,Technical,Open,8/25/2024,1/23/2025
604,6822,8,564,889,204,TX,B,0,0,Operational,Closed,8/26/2024,1/24/2025
605,5389,77,863,621,979,CA,D,7,0,Technical,Open,8/27/2024,1/25/2025
606,6667,71,576,400,299,NY,C,8,1,Technical,Closed,8/28/2024,1/26/2025
607,6901,17,548,586,956,IL,D,4,3,Technical,Closed,8/29/2024,1/27/2025
608,7757,97,892,940,902,FL,D,8,3,Financial,Pending,8/30/2024,1/28/2025
609,1440,80,706,498,563,TX,D,1,2,Financial,Pending,8/31/2024,1/29/2025
610,3630,30,990,310,771,IL,D,1,1,Operational,Open,9/1/2024,1/30/2025
611,3378,99,958,961,942,FL,B,5,0,Operational,Closed,9/2/2024,1/31/2025
612,5969,36,680,227,391,CA,C,6,0,Financial,Closed,9/3/2024,2/1/2025
613,5844,25,205,417,884,FL,B,6,3,Legal,Open,9/4/2024,2/2/2025
614,9172,19,129,791,988,TX,A,0,4,Financial,Pending,9/5/2024,2/3/2025
615,8140,86,436,513,530,CA,A,5,4,Operational,Pending,9/6/2024,2/4/2025
616,5874,26,835,372,198,IL,C,7,3,Technical,Open,9/7/2024,2/5/2025
617,7687,58,983,636,676,IL,B,2,0,Technical,Open,9/8/2024,2/6/2025
618,1351,73,958,774,300,IL,B,6,2,Operational,Pending,9/9/2024,2/7/2025
619,6652,28,153,748,467,IL,B,0,4,Financial,Pending,9/10/2024,2/8/2025
620,2886,89,430,324,375,TX,B,6,0,Financial,Pending,9/11/2024,2/9/2025
621,9202,13,327,392,351,FL,A,2,0,Financial,Closed,9/12/2024,2/10/2025
622,7611,42,393,565,736,CA,C,2,1,Operational,Open,9/13/2024,2/11/2025
623,6285,83,135,278,394,CA,B,8,0,Operational,Open,9/14/2024,2/12/2025
624,1096,97,508,189,260,TX,B,8,0,Legal,Pending,9/15/2024,2/13/2025
625,8167,14,647,201,399,NY,D,0,1,Technical,Closed,9/16/2024,2/14/2025
626,6432,32,822,337,754,NY,A,2,4,Technical,Pending,9/17/2024,2/15/2025
627,4783,73,870,431,326,NY,C,2,1,Legal,Open,9/18/2024,2/16/2025
628,8962,7,324,933,172,TX,D,2,4,Financial,Open,9/19/2024,2/17/2025
629,4397,91,603,473,154,NY,C,3,0,Operational,Open,9/20/2024,2/18/2025
630,9861,95,448,845,575,TX,C,3,3,Legal,Pending,9/21/2024,2/19/2025
631,7432,37,901,159,421,NY,B,2,2,Legal,Closed,9/22/2024,2/20/2025
632,2648,23,562,467,329,TX,C,0,0,Legal,Pending,9/23/2024,2/21/2025
633,7814,66,230,330,527,FL,C,6,1,Operational,Open,9/24/2024,2/22/2025
634,1811,41,441,320,509,FL,D,2,1,Financial,Pending,9/25/2024,2/23/2025
635,8627,97,776,802,725,FL,C,8,3,Technical,Pending,9/26/2024,2/24/2025
636,1206,85,733,993,586,FL,B,4,1,Operational,Open,9/27/2024,2/25/2025
637,4319,49,892,792,204,TX,C,1,3,Technical,Pending,9/28/2024,2/26/2025
638,6819,8,421,639,164,CA,B,5,3,Legal,Closed,9/29/2024,2/27/2025
639,6740,42,952,471,547,IL,C,2,3,Legal,Open,9/30/2024,2/28/2025
640,8605,45,800,556,175,CA,A,7,2,Operational,Open,10/1/2024,3/1/2025
641,1991,33,813,209,602,IL,A,3,0,Financial,Open,10/2/2024,3/2/2025
642,5937,92,585,913,852,IL,C,4,1,Technical,Open,10/3/2024,3/3/2025
643,8010,28,417,389,801,NY,A,3,3,Operational,Closed,10/4/2024,3/4/2025
644,7178,65,988,811,525,CA,A,1,4,Operational,Open,10/5/2024,3/5/2025
645,9770,76,852,395,182,TX,D,1,1,Technical,Open,10/6/2024,3/6/2025
646,2629,25,701,768,215,IL,B,4,2,Financial,Open,10/7/2024,3/7/2025
647,7316,31,861,480,926,FL,B,4,2,Legal,Open,10/8/2024,3/8/2025
648,8622,84,186,319,259,FL,C,2,1,Operational,Open,10/9/2024,3/9/2025
649,4616,22,992,713,815,IL,C,4,4,Operational,Open,10/10/2024,3/10/2025
650,1166,27,299,586,166,NY,C,0,3,Technical,Open,10/11/2024,3/11/2025
651,7291,72,370,775,515,IL,B,9,1,Financial,Closed,10/12/2024,3/12/2025
652,1662,24,177,995,822,NY,D,5,3,Technical,Open,10/13/2024,3/13/2025
653,6327,58,273,252,546,IL,B,2,0,Financial,Closed,10/14/2024,3/14/2025
654,5234,31,445,235,222,NY,D,6,0,Financial,Closed,10/15/2024,3/15/2025
655,5901,78,262,932,692,NY,B,9,4,Financial,Open,10/16/2024,3/16/2025
656,3544,41,105,160,198,FL,B,0,2,Legal,Open,10/17/2024,3/17/2025
657,5942,68,672,219,456,NY,A,9,4,Technical,Closed,10/18/2024,3/18/2025
658,8163,60,796,508,356,FL,D,9,0,Financial,Closed,10/19/2024,3/19/2025
659,5301,49,421,288,270,CA,A,5,1,Legal,Open,10/20/2024,3/20/2025
660,3590,74,880,707,583,NY,B,6,1,Technical,Open,10/21/2024,3/21/2025
661,4669,55,673,113,435,CA,D,2,3,Financial,Pending,10/22/2024,3/22/2025
662,8060,67,319,863,662,CA,D,0,4,Technical,Closed,10/23/2024,3/23/2025
663,6316,10,517,376,190,TX,A,5,1,Technical,Pending,10/24/2024,3/24/2025
664,1656,64,903,366,958,FL,C,1,1,Operational,Open,10/25/2024,3/25/2025
665,8919,49,668,172,181,TX,A,5,2,Financial,Pending,10/26/2024,3/26/2025
666,3430,87,861,258,181,NY,B,5,2,Operational,Closed,10/27/2024,3/27/2025
667,9381,30,605,420,147,IL,C,7,2,Financial,Open,10/28/2024,3/28/2025
668,8676,59,609,228,314,IL,B,1,1,Technical,Open,10/29/2024,3/29/2025
669,9111,58,592,185,403,TX,B,4,4,Financial,Pending,10/30/2024,3/30/2025
670,1012,76,512,342,976,FL,A,4,1,Operational,Open,10/31/2024,3/31/2025
671,5219,5,904,845,289,NY,C,9,4,Technical,Pending,11/1/2024,4/1/2025
672,4915,70,308,632,817,IL,B,9,2,Operational,Closed,11/2/2024,4/2/2025
673,4420,14,158,319,853,FL,D,1,3,Operational,Open,11/3/2024,4/3/2025
674,4387,33,977,185,320,CA,C,5,1,Technical,Pending,11/4/2024,4/4/2025
675,1927,58,924,691,347,NY,B,4,4,Operational,Closed,11/5/2024,4/5/2025
676,4204,10,977,452,845,IL,C,4,4,Technical,Closed,11/6/2024,4/6/2025
677,2913,93,122,452,964,FL,C,2,1,Financial,Closed,11/7/2024,4/7/2025
678,5406,39,193,487,811,IL,A,7,0,Technical,Open,11/8/2024,4/8/2025
679,5049,37,810,903,257,NY,D,5,2,Operational,Open,11/9/2024,4/9/2025
680,9804,23,588,491,182,CA,D,2,0,Operational,Open,11/10/2024,4/10/2025
681,7958,91,891,688,117,CA,A,3,1,Operational,Open,11/11/2024,4/11/2025
682,4108,98,603,629,204,NY,A,1,4,Operational,Closed,11/12/2024,4/12/2025
683,1699,66,953,889,125,NY,A,0,0,Financial,Closed,11/13/2024,4/13/2025
684,2364,17,516,807,120,CA,B,2,2,Legal,Pending,11/14/2024,4/14/2025
685,8471,18,246,446,741,CA,B,7,3,Financial,Closed,11/15/2024,4/15/2025
686,4895,13,766,818,533,TX,C,9,1,Financial,Closed,11/16/2024,4/16/2025
687,4861,65,142,215,639,NY,D,9,4,Legal,Closed,11/17/2024,4/17/2025
688,2136,4,232,572,839,TX,D,3,0,Technical,Open,11/18/2024,4/18/2025
689,7024,20,582,867,805,IL,B,3,0,Technical,Closed,11/19/2024,4/19/2025
690,1570,74,164,811,539,FL,B,3,4,Technical,Pending,11/20/2024,4/20/2025
691,9322,77,256,452,199,TX,C,0,4,Technical,Pending,11/21/2024,4/21/2025
692,3568,75,506,290,296,CA,B,6,3,Technical,Closed,11/22/2024,4/22/2025
693,5358,21,511,757,525,IL,C,4,4,Financial,Open,11/23/2024,4/23/2025
694,5554,83,559,387,961,IL,A,5,1,Technical,Pending,11/24/2024,4/24/2025
695,8098,96,428,555,836,CA,C,3,3,Technical,Pending,11/25/2024,4/25/2025
696,6163,24,604,811,216,IL,C,8,3,Operational,Open,11/26/2024,4/26/2025
697,5937,47,301,424,600,CA,C,1,3,Legal,Pending,11/27/2024,4/27/2025
698,1814,86,121,546,779,CA,D,0,4,Financial,Closed,11/28/2024,4/28/2025
699,4563,25,130,293,471,FL,C,8,0,Operational,Pending,11/29/2024,4/29/2025
700,8755,47,607,589,653,IL,D,5,0,Legal,Open,11/30/2024,4/30/2025
701,8322,34,777,562,433,IL,D,6,1,Financial,Closed,12/1/2024,5/1/2025
702,5334,59,378,622,347,TX,A,3,3,Legal,Closed,12/2/2024,5/2/2025
703,2601,95,770,868,136,CA,C,9,2,Legal,Pending,12/3/2024,5/3/2025
704,8528,78,388,283,429,TX,C,1,2,Technical,Pending,12/4/2024,5/4/2025
705,9412,53,682,430,876,TX,B,8,3,Technical,Pending,12/5/2024,5/5/2025
706,7081,20,357,965,879,NY,D,7,2,Legal,Open,12/6/2024,5/6/2025
707,9731,14,193,293,571,FL,B,1,4,Technical,Pending,12/7/2024,5/7/2025
708,7140,66,521,332,263,NY,B,0,0,Financial,Open,12/8/2024,5/8/2025
709,9176,12,526,439,731,CA,C,4,3,Technical,Open,12/9/2024,5/9/2025
710,3715,88,775,638,185,TX,A,9,1,Operational,Pending,12/10/2024,5/10/2025
711,1376,92,704,769,544,IL,B,7,3,Legal,Open,12/11/2024,5/11/2025
712,4505,11,187,360,689,CA,B,3,2,Legal,Pending,12/12/2024,5/12/2025
713,5719,79,269,292,748,CA,D,0,2,Technical,Closed,12/13/2024,5/13/2025
714,1656,84,987,892,541,IL,B,7,2,Operational,Pending,12/14/2024,5/14/2025
715,4692,1,745,810,266,CA,A,1,0,Technical,Pending,12/15/2024,5/15/2025
716,3135,25,506,391,930,IL,A,9,1,Operational,Open,12/16/2024,5/16/2025
717,6248,96,367,277,378,CA,D,9,4,Financial,Closed,12/17/2024,5/17/2025
718,3059,83,546,186,967,NY,C,7,4,Financial,Pending,12/18/2024,5/18/2025
719,3117,76,395,106,448,FL,A,4,2,Legal,Pending,12/19/2024,5/19/2025
720,5317,94,874,537,186,IL,C,7,2,Financial,Closed,12/20/2024,5/20/2025
721,6618,56,403,659,663,FL,C,9,2,Financial,Closed,12/21/2024,5/21/2025
722,5917,88,760,459,418,FL,B,4,1,Financial,Pending,12/22/2024,5/22/2025
723,1384,22,777,562,458,FL,C,6,0,Technical,Pending,12/23/2024,5/23/2025
724,6426,21,606,333,560,FL,A,3,3,Technical,Pending,12/24/2024,5/24/2025
725,6940,97,397,622,680,IL,B,4,1,Financial,Pending,12/25/2024,5/25/2025
726,4644,69,625,483,726,FL,B,1,0,Financial,Pending,12/26/2024,5/26/2025
727,7178,98,162,325,594,CA,B,3,4,Legal,Closed,12/27/2024,5/27/2025
728,9926,10,540,185,827,TX,D,8,0,Legal,Pending,12/28/2024,5/28/2025
729,6931,73,455,760,349,IL,A,9,3,Legal,Pending,12/29/2024,5/29/2025
730,3262,8,347,567,405,IL,D,7,2,Technical,Closed,12/30/2024,5/30/2025
731,8089,41,302,772,908,IL,A,1,1,Legal,Closed,12/31/2024,5/31/2025
732,8987,44,240,547,629,FL,C,4,3,Technical,Closed,1/1/2025,6/1/2025
733,4857,16,515,907,261,NY,D,2,4,Financial,Closed,1/2/2025,6/2/2025
734,5844,30,953,928,688,FL,C,5,1,Technical,Open,1/3/2025,6/3/2025
735,3795,24,255,569,414,FL,A,2,4,Financial,Pending,1/4/2025,6/4/2025
736,1973,60,695,384,951,CA,A,4,0,Technical,Open,1/5/2025,6/5/2025
737,1374,71,588,292,212,NY,B,5,1,Legal,Closed,1/6/2025,6/6/2025
738,9701,58,422,488,395,IL,D,9,1,Technical,Closed,1/7/2025,6/7/2025
739,1794,36,527,182,676,FL,A,7,4,Financial,Open,1/8/2025,6/8/2025
740,4312,78,891,181,819,NY,B,4,3,Legal,Pending,1/9/2025,6/9/2025
741,2794,28,414,255,640,IL,C,8,3,Operational,Open,1/10/2025,6/10/2025
742,1762,71,595,302,467,TX,D,2,1,Technical,Closed,1/11/2025,6/11/2025
743,9437,94,328,934,541,CA,C,3,3,Technical,Open,1/12/2025,6/12/2025
744,2953,76,657,135,297,TX,A,6,1,Legal,Pending,1/13/2025,6/13/2025
745,4829,6,324,913,509,FL,C,5,0,Operational,Open,1/14/2025,6/14/2025
746,9837,77,370,607,255,TX,A,4,2,Operational,Open,1/15/2025,6/15/2025
747,5239,23,585,949,742,CA,A,8,0,Legal,Closed,1/16/2025,6/16/2025
748,8210,96,608,352,303,CA,A,3,3,Legal,Open,1/17/2025,6/17/2025
749,1090,39,406,598,286,IL,C,5,1,Legal,Open,1/18/2025,6/18/2025
750,4097,54,728,114,183,FL,C,6,0,Legal,Open,1/19/2025,6/19/2025
751,5069,86,689,792,806,FL,B,6,2,Legal,Open,1/20/2025,6/20/2025
752,3890,72,325,941,938,FL,C,3,2,Technical,Pending,1/21/2025,6/21/2025
753,9263,25,795,895,623,NY,D,7,4,Operational,Open,1/22/2025,6/22/2025
754,4158,95,942,530,579,CA,C,8,0,Legal,Pending,1/23/2025,6/23/2025
755,9202,90,410,370,883,FL,D,0,0,Financial,Open,1/24/2025,6/24/2025
756,2465,59,739,486,231,CA,B,7,2,Financial,Open,1/25/2025,6/25/2025
757,1419,81,396,710,125,IL,C,4,3,Operational,Pending,1/26/2025,6/26/2025
758,4635,65,877,639,762,CA,A,6,4,Operational,Closed,1/27/2025,6/27/2025
759,4830,17,937,483,329,CA,B,1,0,Technical,Closed,1/28/2025,6/28/2025
760,7454,25,657,164,829,IL,D,5,4,Financial,Pending,1/29/2025,6/29/2025
761,2590,87,861,337,825,FL,A,2,4,Technical,Open,1/30/2025,6/30/2025
762,5394,36,980,495,106,FL,B,1,2,Legal,Open,1/31/2025,7/1/2025
763,6416,48,315,493,492,IL,B,8,1,Legal,Pending,2/1/2025,7/2/2025
764,8188,29,472,191,375,FL,D,4,2,Legal,Pending,2/2/2025,7/3/2025
765,7048,21,741,549,832,IL,B,0,1,Legal,Closed,2/3/2025,7/4/2025
766,6483,89,159,474,365,IL,A,8,3,Financial,Pending,2/4/2025,7/5/2025
767,2554,2,315,786,482,FL,D,4,0,Technical,Pending,2/5/2025,7/6/2025
768,9538,67,398,418,582,TX,B,7,2,Legal,Pending,2/6/2025,7/7/2025
769,1417,42,549,304,965,TX,A,9,0,Legal,Pending,2/7/2025,7/8/2025
770,1197,81,489,195,578,FL,C,7,4,Technical,Pending,2/8/2025,7/9/2025
771,6825,98,862,936,228,NY,D,8,2,Operational,Pending,2/9/2025,7/10/2025
772,1860,35,111,926,682,CA,C,9,1,Financial,Pending,2/10/2025,7/11/2025
773,7595,92,667,166,800,CA,D,3,2,Legal,Closed,2/11/2025,7/12/2025
774,7343,72,985,919,339,FL,A,3,1,Operational,Open,2/12/2025,7/13/2025
775,4849,26,153,837,241,IL,D,8,1,Operational,Closed,2/13/2025,7/14/2025
776,8192,97,686,698,430,CA,C,4,2,Operational,Open,2/14/2025,7/15/2025
777,1411,3,110,526,479,FL,C,7,0,Legal,Open,2/15/2025,7/16/2025
778,6494,36,855,263,746,CA,A,6,0,Legal,Open,2/16/2025,7/17/2025
779,1951,18,475,681,839,FL,A,0,0,Legal,Pending,2/17/2025,7/18/2025
780,4312,54,644,375,207,TX,C,5,0,Operational,Closed,2/18/2025,7/19/2025
781,1851,37,480,136,110,FL,B,8,4,Legal,Pending,2/19/2025,7/20/2025
782,6930,26,625,437,233,IL,A,8,2,Legal,Closed,2/20/2025,7/21/2025
783,4436,17,111,256,154,CA,A,7,2,Financial,Pending,2/21/2025,7/22/2025
784,9479,71,151,151,343,FL,C,5,2,Legal,Pending,2/22/2025,7/23/2025
785,3736,43,414,508,135,FL,C,8,0,Financial,Closed,2/23/2025,7/24/2025
786,4971,5,942,691,110,FL,B,7,1,Operational,Closed,2/24/2025,7/25/2025
787,7533,5,599,659,271,CA,C,1,2,Legal,Closed,2/25/2025,7/26/2025
788,2429,93,309,822,112,IL,B,3,3,Legal,Closed,2/26/2025,7/27/2025
789,7950,56,516,794,807,IL,C,5,3,Operational,Open,2/27/2025,7/28/2025
790,7164,8,908,345,798,NY,C,8,0,Operational,Closed,2/28/2025,7/29/2025
791,6809,47,242,206,821,CA,A,5,3,Technical,Open,3/1/2025,7/30/2025
792,9731,53,977,983,355,CA,D,2,0,Operational,Open,3/2/2025,7/31/2025
793,8234,55,372,219,157,TX,B,4,1,Legal,Pending,3/3/2025,8/1/2025
794,6408,35,168,532,159,FL,B,8,2,Legal,Closed,3/4/2025,8/2/2025
795,3479,48,105,392,838,IL,D,2,1,Legal,Open,3/5/2025,8/3/2025
796,4905,37,183,851,348,FL,B,7,2,Financial,Pending,3/6/2025,8/4/2025
797,2734,31,462,185,302,FL,A,9,1,Operational,Pending,3/7/2025,8/5/2025
798,3225,88,607,884,716,NY,A,1,1,Operational,Closed,3/8/2025,8/6/2025
799,2188,75,836,232,974,FL,B,4,4,Operational,Pending,3/9/2025,8/7/2025
800,1085,28,328,359,345,FL,C,2,0,Technical,Open,3/10/2025,8/8/2025
801,4708,6,137,167,463,IL,B,2,4,Legal,Open,3/11/2025,8/9/2025
802,1161,27,895,147,420,TX,A,7,0,Financial,Closed,3/12/2025,8/10/2025
803,1266,16,821,112,176,FL,C,3,2,Technical,Open,3/13/2025,8/11/2025
804,3400,52,172,600,414,CA,B,1,4,Legal,Open,3/14/2025,8/12/2025
805,1697,82,900,261,439,CA,B,3,1,Technical,Open,3/15/2025,8/13/2025
806,5772,53,852,612,382,TX,C,2,1,Financial,Pending,3/16/2025,8/14/2025
807,1943,72,935,515,710,FL,D,6,0,Technical,Pending,3/17/2025,8/15/2025
808,1342,6,996,553,972,IL,C,3,1,Technical,Closed,3/18/2025,8/16/2025
809,7457,26,436,163,772,NY,D,2,0,Legal,Closed,3/19/2025,8/17/2025
810,2828,45,126,415,903,FL,D,8,4,Operational,Pending,3/20/2025,8/18/2025
811,9245,50,312,319,596,FL,B,5,4,Technical,Open,3/21/2025,8/19/2025
812,2429,52,511,860,560,TX,D,8,2,Operational,Open,3/22/2025,8/20/2025
813,1736,83,211,735,509,CA,B,0,2,Legal,Closed,3/23/2025,8/21/2025
814,1081,77,880,773,237,TX,B,7,1,Financial,Open,3/24/2025,8/22/2025
815,2502,44,831,447,635,NY,D,8,2,Financial,Closed,3/25/2025,8/23/2025
816,8795,82,645,809,664,TX,A,1,1,Technical,Open,3/26/2025,8/24/2025
817,1813,96,301,862,103,NY,D,0,3,Legal,Closed,3/27/2025,8/25/2025
818,6105,26,405,788,685,IL,A,2,4,Technical,Pending,3/28/2025,8/26/2025
819,4117,82,795,759,551,TX,B,9,1,Technical,Pending,3/29/2025,8/27/2025
820,4037,39,921,230,919,FL,D,0,0,Technical,Pending,3/30/2025,8/28/2025
821,9388,60,995,264,967,FL,D,0,2,Financial,Open,3/31/2025,8/29/2025
822,5890,21,879,912,139,TX,D,0,1,Financial,Open,4/1/2025,8/30/2025
823,5175,86,894,892,965,NY,C,9,1,Legal,Pending,4/2/2025,8/31/2025
824,5896,22,257,936,202,IL,C,0,3,Operational,Closed,4/3/2025,9/1/2025
825,8507,46,119,632,843,IL,C,2,4,Operational,Closed,4/4/2025,9/2/2025
826,8876,53,388,370,510,FL,B,4,0,Legal,Closed,4/5/2025,9/3/2025
827,5550,98,535,887,573,TX,B,7,4,Operational,Closed,4/6/2025,9/4/2025
828,3800,39,204,649,837,TX,C,8,1,Financial,Closed,4/7/2025,9/5/2025
829,6782,36,928,251,823,CA,D,5,2,Legal,Open,4/8/2025,9/6/2025
830,7552,92,916,994,901,NY,C,1,1,Legal,Closed,4/9/2025,9/7/2025
831,1709,16,719,735,976,NY,B,1,3,Technical,Closed,4/10/2025,9/8/2025
832,3883,37,918,973,672,TX,D,8,3,Operational,Open,4/11/2025,9/9/2025
833,8095,68,482,880,804,TX,D,2,3,Legal,Closed,4/12/2025,9/10/2025
834,7707,16,558,329,261,TX,D,0,4,Technical,Closed,4/13/2025,9/11/2025
835,1339,74,608,639,302,TX,B,5,4,Financial,Pending,4/14/2025,9/12/2025
836,8016,9,174,374,658,CA,A,5,3,Legal,Closed,4/15/2025,9/13/2025
837,8137,68,443,308,914,FL,D,4,4,Legal,Open,4/16/2025,9/14/2025
838,2724,23,513,483,777,TX,B,7,3,Legal,Pending,4/17/2025,9/15/2025
839,4372,34,466,865,843,CA,C,1,4,Financial,Open,4/18/2025,9/16/2025
840,1501,61,504,138,389,FL,D,7,0,Operational,Pending,4/19/2025,9/17/2025
841,9995,50,728,324,636,FL,B,2,2,Operational,Open,4/20/2025,9/18/2025
842,6691,81,735,147,358,CA,A,5,3,Technical,Closed,4/21/2025,9/19/2025
843,4758,41,124,318,783,FL,A,2,0,Legal,Pending,4/22/2025,9/20/2025
844,2919,27,582,675,161,TX,A,1,0,Legal,Closed,4/23/2025,9/21/2025
845,1580,92,986,957,291,TX,A,9,2,Legal,Pending,4/24/2025,9/22/2025
846,4997,97,446,718,735,FL,B,7,1,Legal,Closed,4/25/2025,9/23/2025
847,9107,41,782,450,908,IL,D,9,1,Financial,Closed,4/26/2025,9/24/2025
848,3781,88,599,610,747,FL,B,1,2,Technical,Open,4/27/2025,9/25/2025
849,9210,36,308,210,141,TX,C,7,2,Operational,Closed,4/28/2025,9/26/2025
850,6235,11,802,924,608,IL,C,2,2,Operational,Pending,4/29/2025,9/27/2025
851,4224,15,747,747,416,NY,D,9,2,Operational,Pending,4/30/2025,9/28/2025
852,2987,32,689,892,575,NY,A,9,0,Financial,Open,5/1/2025,9/29/2025
853,1002,47,552,632,487,CA,D,6,2,Legal,Pending,5/2/2025,9/30/2025
854,4286,17,158,945,254,IL,B,7,1,Technical,Pending,5/3/2025,10/1/2025
855,4625,30,364,217,926,FL,B,8,4,Legal,Open,5/4/2025,10/2/2025
856,8116,46,799,586,603,IL,D,2,2,Operational,Pending,5/5/2025,10/3/2025
857,2218,70,768,822,705,TX,C,5,2,Legal,Pending,5/6/2025,10/4/2025
858,7493,37,666,826,876,IL,C,4,2,Financial,Pending,5/7/2025,10/5/2025
859,2762,42,953,493,714,TX,D,9,3,Financial,Pending,5/8/2025,10/6/2025
860,6849,89,204,819,469,NY,D,5,1,Financial,Open,5/9/2025,10/7/2025
861,8390,94,447,779,323,NY,B,1,0,Technical,Open,5/10/2025,10/8/2025
862,1225,63,171,588,373,CA,C,2,0,Legal,Open,5/11/2025,10/9/2025
863,8918,93,744,995,687,FL,D,4,3,Legal,Pending,5/12/2025,10/10/2025
864,2455,99,777,755,284,FL,C,1,0,Legal,Closed,5/13/2025,10/11/2025
865,4184,7,924,537,987,IL,C,5,4,Technical,Open,5/14/2025,10/12/2025
866,8131,75,282,399,976,FL,B,2,4,Operational,Pending,5/15/2025,10/13/2025
867,2607,98,886,555,416,TX,A,4,3,Legal,Open,5/16/2025,10/14/2025
868,7329,94,522,845,882,IL,D,2,0,Legal,Closed,5/17/2025,10/15/2025
869,9778,65,168,351,265,IL,D,2,3,Legal,Pending,5/18/2025,10/16/2025
870,6558,72,766,824,315,TX,B,9,1,Financial,Pending,5/19/2025,10/17/2025
871,8656,95,970,306,690,TX,A,7,4,Legal,Pending,5/20/2025,10/18/2025
872,9994,79,637,683,601,IL,A,4,2,Technical,Pending,5/21/2025,10/19/2025
873,8189,15,996,387,530,CA,D,3,4,Operational,Closed,5/22/2025,10/20/2025
874,7006,13,269,948,746,FL,B,7,2,Legal,Open,5/23/2025,10/21/2025
875,1509,77,853,553,374,TX,C,2,2,Operational,Open,5/24/2025,10/22/2025
876,5807,10,834,116,178,TX,C,2,0,Technical,Open,5/25/2025,10/23/2025
877,5211,42,119,741,391,FL,A,8,1,Legal,Open,5/26/2025,10/24/2025
878,4975,84,256,183,795,TX,B,8,3,Technical,Open,5/27/2025,10/25/2025
879,4097,6,544,114,715,TX,A,0,4,Technical,Pending,5/28/2025,10/26/2025
880,3991,36,962,692,697,NY,C,9,3,Operational,Open,5/29/2025,10/27/2025
881,3007,27,170,695,772,TX,A,7,1,Operational,Open,5/30/2025,10/28/2025
882,4721,19,626,127,660,TX,D,5,0,Technical,Closed,5/31/2025,10/29/2025
883,8001,40,435,940,578,CA,B,9,3,Operational,Closed,6/1/2025,10/30/2025
884,6342,30,385,328,932,CA,A,6,1,Operational,Open,6/2/2025,10/31/2025
885,8895,44,821,597,669,FL,C,7,1,Technical,Open,6/3/2025,11/1/2025
886,2824,53,831,115,241,CA,C,1,3,Technical,Closed,6/4/2025,11/2/2025
887,6827,86,709,747,356,FL,D,6,2,Operational,Closed,6/5/2025,11/3/2025
888,9960,57,432,696,768,TX,B,2,4,Legal,Closed,6/6/2025,11/4/2025
889,7423,94,925,575,844,FL,A,5,0,Technical,Closed,6/7/2025,11/5/2025
890,2306,13,888,851,800,IL,C,7,4,Legal,Open,6/8/2025,11/6/2025
891,4498,37,309,278,141,IL,D,3,1,Financial,Open,6/9/2025,11/7/2025
892,5939,20,419,166,274,FL,A,9,0,Technical,Open,6/10/2025,11/8/2025
893,2448,95,287,138,729,CA,A,0,4,Legal,Pending,6/11/2025,11/9/2025
894,3954,41,280,451,493,CA,C,0,3,Financial,Pending,6/12/2025,11/10/2025
895,2978,69,631,325,695,TX,A,8,2,Technical,Closed,6/13/2025,11/11/2025
896,5305,31,644,601,238,IL,B,2,4,Operational,Pending,6/14/2025,11/12/2025
897,2323,80,237,452,677,TX,D,6,4,Technical,Open,6/15/2025,11/13/2025
898,7708,40,273,923,543,TX,A,0,1,Financial,Closed,6/16/2025,11/14/2025
899,6882,20,379,941,138,FL,A,6,1,Financial,Open,6/17/2025,11/15/2025
900,4043,26,407,930,473,CA,D,0,0,Financial,Closed,6/18/2025,11/16/2025
901,1779,85,290,753,429,TX,B,8,2,Financial,Closed,6/19/2025,11/17/2025
902,6397,72,373,856,616,CA,D,9,0,Technical,Open,6/20/2025,11/18/2025
903,6841,76,134,850,844,FL,A,0,4,Financial,Closed,6/21/2025,11/19/2025
904,1803,28,108,283,272,FL,B,1,4,Operational,Open,6/22/2025,11/20/2025
905,8914,61,453,472,394,NY,C,8,2,Technical,Open,6/23/2025,11/21/2025
906,8711,11,314,304,833,TX,A,1,2,Operational,Pending,6/24/2025,11/22/2025
907,1216,76,435,784,144,NY,A,4,1,Technical,Pending,6/25/2025,11/23/2025
908,8331,6,169,759,880,FL,C,6,4,Legal,Closed,6/26/2025,11/24/2025
909,3002,92,421,979,826,IL,A,0,4,Operational,Closed,6/27/2025,11/25/2025
910,5819,8,579,810,456,IL,A,3,3,Financial,Closed,6/28/2025,11/26/2025
911,3032,72,981,678,926,CA,D,3,2,Technical,Pending,6/29/2025,11/27/2025
912,3386,70,123,979,370,CA,B,9,3,Financial,Pending,6/30/2025,11/28/2025
913,2746,15,451,928,613,FL,B,6,2,Legal,Pending,7/1/2025,11/29/2025
914,6999,67,846,839,467,CA,C,5,3,Financial,Closed,7/2/2025,11/30/2025
915,3156,37,395,864,906,FL,B,1,1,Financial,Open,7/3/2025,12/1/2025
916,2854,36,846,505,554,NY,D,3,0,Legal,Pending,7/4/2025,12/2/2025
917,8848,91,398,804,286,NY,B,5,4,Technical,Pending,7/5/2025,12/3/2025
918,4946,36,967,448,197,IL,A,2,2,Financial,Pending,7/6/2025,12/4/2025
919,4449,86,644,363,644,NY,A,6,3,Operational,Pending,7/7/2025,12/5/2025
920,2485,36,100,216,263,CA,A,0,4,Operational,Open,7/8/2025,12/6/2025
921,1481,22,483,421,573,TX,B,5,0,Operational,Pending,7/9/2025,12/7/2025
922,2529,99,832,195,955,NY,A,3,2,Technical,Pending,7/10/2025,12/8/2025
923,7643,92,400,316,398,IL,D,1,0,Technical,Pending,7/11/2025,12/9/2025
924,3905,56,733,117,708,FL,C,9,1,Legal,Open,7/12/2025,12/10/2025
925,8692,49,186,384,589,FL,A,7,3,Operational,Pending,7/13/2025,12/11/2025
926,3681,13,364,314,752,TX,A,0,2,Operational,Pending,7/14/2025,12/12/2025
927,1315,73,650,426,509,FL,C,2,4,Financial,Closed,7/15/2025,12/13/2025
928,3632,46,347,630,493,CA,B,1,0,Technical,Open,7/16/2025,12/14/2025
929,1698,63,854,413,529,FL,A,2,3,Operational,Pending,7/17/2025,12/15/2025
930,3127,76,536,287,734,TX,D,5,3,Financial,Open,7/18/2025,12/16/2025
931,4738,69,740,238,959,NY,A,2,4,Financial,Closed,7/19/2025,12/17/2025
932,4117,63,898,441,457,FL,A,4,1,Financial,Open,7/20/2025,12/18/2025
933,8810,11,841,334,106,TX,D,9,0,Technical,Closed,7/21/2025,12/19/2025
934,8234,77,419,310,850,TX,B,8,3,Legal,Pending,7/22/2025,12/20/2025
935,5100,22,251,587,880,IL,C,4,4,Technical,Closed,7/23/2025,12/21/2025
936,8181,37,488,104,940,IL,B,5,3,Operational,Pending,7/24/2025,12/22/2025
937,3817,7,991,894,907,CA,C,3,4,Financial,Pending,7/25/2025,12/23/2025
938,6279,17,946,676,555,FL,A,8,2,Technical,Closed,7/26/2025,12/24/2025
939,4874,99,305,507,822,IL,B,5,2,Technical,Open,7/27/2025,12/25/2025
940,9305,42,911,371,221,NY,D,4,0,Legal,Open,7/28/2025,12/26/2025
941,1457,51,316,452,822,FL,A,9,0,Financial,Pending,7/29/2025,12/27/2025
942,5698,77,823,152,281,IL,A,4,3,Legal,Closed,7/30/2025,12/28/2025
943,2301,27,892,291,608,IL,A,1,2,Financial,Pending,7/31/2025,12/29/2025
944,3157,76,298,281,176,NY,C,9,1,Operational,Closed,8/1/2025,12/30/2025
945,7207,34,535,191,492,IL,A,5,3,Legal,Pending,8/2/2025,12/31/2025
946,5981,17,576,201,497,CA,C,1,3,Operational,Closed,8/3/2025,1/1/2026
947,2718,49,956,798,737,FL,A,5,0,Financial,Open,8/4/2025,1/2/2026
948,4014,88,584,904,104,CA,B,4,2,Operational,Closed,8/5/2025,1/3/2026
949,9762,93,332,880,479,TX,B,8,4,Financial,Open,8/6/2025,1/4/2026
950,7048,21,997,319,600,CA,C,8,3,Operational,Open,8/7/2025,1/5/2026
951,3855,11,235,103,240,FL,B,3,2,Operational,Open,8/8/2025,1/6/2026
952,3021,4,801,189,636,TX,C,5,0,Technical,Pending,8/9/2025,1/7/2026
953,3162,8,796,695,590,CA,B,5,3,Operational,Pending,8/10/2025,1/8/2026
954,9836,36,301,412,644,NY,A,3,2,Financial,Closed,8/11/2025,1/9/2026
955,9475,49,989,309,161,IL,B,4,0,Technical,Open,8/12/2025,1/10/2026
956,8079,26,399,557,338,TX,B,2,4,Financial,Closed,8/13/2025,1/11/2026
957,4646,1,173,923,950,TX,A,8,3,Legal,Closed,8/14/2025,1/12/2026
958,7828,21,694,579,500,FL,A,2,0,Operational,Closed,8/15/2025,1/13/2026
959,7905,73,542,708,664,FL,C,8,2,Technical,Closed,8/16/2025,1/14/2026
960,1823,53,797,394,717,FL,B,0,4,Technical,Pending,8/17/2025,1/15/2026
961,5259,14,756,880,279,FL,D,5,4,Technical,Open,8/18/2025,1/16/2026
962,6588,48,960,613,442,CA,A,7,4,Technical,Closed,8/19/2025,1/17/2026
963,7784,11,165,296,769,CA,D,5,0,Financial,Open,8/20/2025,1/18/2026
964,4056,19,176,652,146,NY,B,2,2,Legal,Closed,8/21/2025,1/19/2026
965,9766,14,230,524,451,CA,A,2,0,Financial,Pending,8/22/2025,1/20/2026
966,4921,59,645,922,976,TX,B,5,1,Financial,Open,8/23/2025,1/21/2026
967,9705,43,719,977,768,CA,B,7,2,Legal,Pending,8/24/2025,1/22/2026
968,4470,44,456,948,603,FL,B,2,3,Technical,Pending,8/25/2025,1/23/2026
969,7101,88,769,699,482,CA,D,1,2,Operational,Pending,8/26/2025,1/24/2026
970,2974,73,733,823,192,TX,B,7,1,Technical,Closed,8/27/2025,1/25/2026
971,7270,91,586,237,895,IL,A,9,2,Financial,Closed,8/28/2025,1/26/2026
972,4248,61,853,459,815,IL,D,1,2,Technical,Pending,8/29/2025,1/27/2026
973,6791,41,487,226,734,IL,D,5,0,Technical,Closed,8/30/2025,1/28/2026
974,9095,83,456,983,609,TX,C,4,0,Legal,Closed,8/31/2025,1/29/2026
975,2650,54,282,632,958,TX,A,5,0,Operational,Open,9/1/2025,1/30/2026
976,7664,60,602,360,589,NY,A,5,2,Technical,Pending,9/2/2025,1/31/2026
977,4476,90,308,731,981,FL,B,6,3,Financial,Closed,9/3/2025,2/1/2026
978,4436,60,475,604,359,TX,B,0,0,Technical,Closed,9/4/2025,2/2/2026
979,1455,91,137,493,523,TX,C,5,0,Legal,Closed,9/5/2025,2/3/2026
980,6302,38,929,884,947,FL,A,9,3,Legal,Pending,9/6/2025,2/4/2026
981,9047,17,159,878,952,FL,C,7,3,Operational,Closed,9/7/2025,2/5/2026
982,3900,47,621,204,617,CA,A,9,1,Operational,Open,9/8/2025,2/6/2026
983,8516,55,366,770,736,TX,A,9,1,Technical,Closed,9/9/2025,2/7/2026
984,6473,35,844,601,986,IL,A,8,1,Financial,Open,9/10/2025,2/8/2026
985,9081,86,466,893,160,CA,D,1,1,Operational,Closed,9/11/2025,2/9/2026
986,8554,37,381,194,315,NY,D,1,0,Legal,Open,9/12/2025,2/10/2026
987,6457,91,405,200,177,FL,D,8,3,Legal,Closed,9/13/2025,2/11/2026
988,3833,34,427,476,590,CA,D,8,1,Financial,Pending,9/14/2025,2/12/2026
989,1379,24,587,823,120,NY,C,9,1,Legal,Closed,9/15/2025,2/13/2026
990,7046,5,863,980,681,CA,A,3,4,Operational,Pending,9/16/2025,2/14/2026
991,2537,50,641,703,174,FL,B,9,2,Legal,Closed,9/17/2025,2/15/2026
992,8573,53,108,945,856,TX,B,9,3,Technical,Open,9/18/2025,2/16/2026
993,6712,98,132,708,608,CA,A,6,1,Legal,Open,9/19/2025,2/17/2026
994,7265,22,722,155,422,FL,B,2,4,Technical,Open,9/20/2025,2/18/2026
995,7880,76,798,140,175,NY,C,1,4,Legal,Closed,9/21/2025,2/19/2026
996,2588,31,603,879,787,TX,C,6,4,Technical,Pending,9/22/2025,2/20/2026
997,5113,19,544,185,489,FL,C,4,2,Legal,Open,9/23/2025,2/21/2026
998,2308,5,228,822,443,FL,A,3,2,Financial,Open,9/24/2025,2/22/2026
999,5772,29,765,781,965,CA,A,3,3,Operational,Closed,9/25/2025,2/23/2026
1000,6113,29,336,639,702,IL,C,9,3,Financial,Closed,9/26/2025,2/24/2026
