id,name,email,email_verified_at,password,remember_token,address,union_branch,union_number,affiliation_date,years_of_experience,phone,created_at,updated_at
1,Lawyer_1,lawyer1@example.com,2018-08-25 11:22:13,password123,token_1,"1 Main St, City_1",Branch_1,4211,2004-03-18,20,+12345678001,2002-05-24 16:31:49,2021-05-28 11:31:41
2,Lawyer_2,lawyer2@example.com,2006-10-11 00:10:11,password123,token_2,"2 Main St, City_2",Branch_2,4910,2007-10-24,14,+12345678002,2006-06-08 17:26:52,2000-08-18 08:48:19
3,Lawyer_3,lawyer3@example.com,2009-09-19 18:45:43,password123,token_3,"3 Main St, City_3",Branch_3,5038,2008-05-16,4,+12345678003,2023-05-17 15:09:00,2004-06-14 12:15:40
4,Lawyer_4,lawyer4@example.com,2022-04-16 11:19:12,password123,token_4,"4 Main St, City_4",Branch_4,5715,2023-05-22,21,+12345678004,2004-07-27 06:06:43,2018-01-14 22:11:52
5,Lawyer_5,lawyer5@example.com,2017-07-13 06:22:36,password123,token_5,"5 Main St, City_5",Branch_5,3864,2012-09-23,18,+12345678005,2018-02-11 01:27:53,2020-09-07 19:39:59
6,Lawyer_6,lawyer6@example.com,2010-03-04 15:02:13,password123,token_6,"6 Main St, City_6",Branch_6,9023,2007-01-18,12,+12345678006,2023-07-10 09:20:34,2004-01-01 19:41:34
7,Lawyer_7,lawyer7@example.com,2014-03-21 12:53:41,password123,token_7,"7 Main St, City_7",Branch_7,8796,2010-12-08,17,+12345678007,2006-08-04 01:32:03,2002-11-11 02:50:08
8,Lawyer_8,lawyer8@example.com,2013-11-27 09:33:50,password123,token_8,"8 Main St, City_8",Branch_8,3376,2008-06-06,8,+12345678008,2007-07-22 17:20:15,2024-01-27 08:28:21
9,Lawyer_9,lawyer9@example.com,2016-02-05 19:31:16,password123,token_9,"9 Main St, City_9",Branch_9,9412,2016-03-23,3,+12345678009,2003-06-04 08:11:46,2024-07-22 06:49:00
10,Lawyer_10,lawyer10@example.com,2022-10-29 19:39:22,password123,token_10,"10 Main St, City_10",Branch_0,8891,2021-02-23,24,+12345678010,2007-02-27 20:50:22,2007-08-22 02:39:19
11,Lawyer_11,lawyer11@example.com,2005-11-29 03:53:43,password123,token_11,"11 Main St, City_11",Branch_1,2583,2005-01-01,29,+12345678011,2002-08-13 23:28:07,2007-09-16 22:06:39
12,Lawyer_12,lawyer12@example.com,2011-11-21 07:11:15,password123,token_12,"12 Main St, City_12",Branch_2,6423,2001-12-04,25,+12345678012,2014-12-04 17:08:25,2010-10-24 03:56:27
13,Lawyer_13,lawyer13@example.com,2005-03-12 05:48:17,password123,token_13,"13 Main St, City_13",Branch_3,6573,2020-01-24,10,+12345678013,2024-07-13 18:01:38,2007-12-14 12:30:38
14,Lawyer_14,lawyer14@example.com,2008-08-19 07:42:01,password123,token_14,"14 Main St, City_14",Branch_4,4223,2011-12-05,20,+12345678014,2011-04-17 02:52:44,2005-05-05 20:56:45
15,Lawyer_15,lawyer15@example.com,2022-12-09 14:34:36,password123,token_15,"15 Main St, City_15",Branch_5,9348,2022-04-10,5,+12345678015,2020-08-19 12:49:03,2024-09-17 21:47:30
16,Lawyer_16,lawyer16@example.com,2014-04-04 19:47:13,password123,token_16,"16 Main St, City_16",Branch_6,4968,2016-09-07,27,+12345678016,2009-06-15 09:30:15,2002-08-11 11:10:59
17,Lawyer_17,lawyer17@example.com,2012-06-30 18:38:56,password123,token_17,"17 Main St, City_17",Branch_7,7299,2014-10-18,4,+12345678017,2011-09-02 15:03:34,2018-11-25 18:02:56
18,Lawyer_18,lawyer18@example.com,2001-01-04 12:17:42,password123,token_18,"18 Main St, City_18",Branch_8,8916,2019-10-14,13,+12345678018,2003-12-05 00:16:20,2019-02-22 21:04:38
19,Lawyer_19,lawyer19@example.com,2020-03-28 22:51:43,password123,token_19,"19 Main St, City_19",Branch_9,6106,2000-06-27,11,+12345678019,2012-12-14 12:24:25,2022-09-11 02:59:37
20,Lawyer_20,lawyer20@example.com,2005-01-20 15:12:01,password123,token_20,"20 Main St, City_20",Branch_0,4194,2008-09-25,9,+12345678020,2007-05-11 02:59:47,2009-10-05 22:21:30
21,Lawyer_21,lawyer21@example.com,2021-02-08 12:13:57,password123,token_21,"21 Main St, City_21",Branch_1,5516,2019-03-31,10,+12345678021,2011-11-18 13:45:24,2005-04-04 13:03:36
22,Lawyer_22,lawyer22@example.com,2023-01-21 01:46:56,password123,token_22,"22 Main St, City_22",Branch_2,2673,2019-06-06,21,+12345678022,2000-05-31 02:37:05,2012-06-10 09:18:09
23,Lawyer_23,lawyer23@example.com,2023-04-19 17:21:31,password123,token_23,"23 Main St, City_23",Branch_3,7839,2002-08-17,15,+12345678023,2020-07-07 10:37:32,2006-02-12 04:27:41
24,Lawyer_24,lawyer24@example.com,2006-08-30 02:59:36,password123,token_24,"24 Main St, City_24",Branch_4,6739,2006-09-17,9,+12345678024,2008-08-09 08:46:10,2006-04-22 01:29:00
25,Lawyer_25,lawyer25@example.com,2001-01-02 09:54:30,password123,token_25,"25 Main St, City_25",Branch_5,2174,2012-01-14,25,+12345678025,2014-02-09 09:40:05,2003-01-24 21:43:24
26,Lawyer_26,lawyer26@example.com,2008-03-11 04:30:09,password123,token_26,"26 Main St, City_26",Branch_6,6345,2021-04-25,12,+12345678026,2004-09-20 07:15:41,2017-10-19 21:05:05
27,Lawyer_27,lawyer27@example.com,2006-10-29 12:58:24,password123,token_27,"27 Main St, City_27",Branch_7,2864,2017-06-26,18,+12345678027,2021-09-16 10:10:24,2001-07-08 17:31:26
28,Lawyer_28,lawyer28@example.com,2016-04-18 22:53:33,password123,token_28,"28 Main St, City_28",Branch_8,3796,2001-07-30,14,+12345678028,2013-07-11 00:53:02,2003-09-08 00:05:30
29,Lawyer_29,lawyer29@example.com,2024-05-19 00:06:45,password123,token_29,"29 Main St, City_29",Branch_9,1914,2007-10-10,18,+12345678029,2016-07-16 07:40:31,2008-03-28 10:41:12
30,Lawyer_30,lawyer30@example.com,2012-12-22 11:43:54,password123,token_30,"30 Main St, City_30",Branch_0,3779,2006-12-21,11,+12345678030,2017-01-05 17:38:25,2005-01-24 19:42:10
31,Lawyer_31,lawyer31@example.com,2005-09-04 11:05:46,password123,token_31,"31 Main St, City_31",Branch_1,7962,2006-02-05,27,+12345678031,2022-03-24 17:27:57,2015-04-26 01:03:27
32,Lawyer_32,lawyer32@example.com,2003-06-19 23:13:31,password123,token_32,"32 Main St, City_32",Branch_2,5637,2002-07-28,12,+12345678032,2018-04-21 21:32:19,2001-06-21 07:46:26
33,Lawyer_33,lawyer33@example.com,2016-08-09 22:11:28,password123,token_33,"33 Main St, City_33",Branch_3,7245,2008-07-02,25,+12345678033,2013-10-10 09:10:19,2003-07-08 01:10:19
34,Lawyer_34,lawyer34@example.com,2016-07-03 06:57:57,password123,token_34,"34 Main St, City_34",Branch_4,5948,2008-06-02,14,+12345678034,2020-12-26 05:53:09,2012-06-06 23:00:52
35,Lawyer_35,lawyer35@example.com,2006-10-10 05:40:06,password123,token_35,"35 Main St, City_35",Branch_5,2002,2002-03-02,20,+12345678035,2016-09-14 11:34:48,2022-01-02 00:13:09
36,Lawyer_36,lawyer36@example.com,2014-11-25 07:11:32,password123,token_36,"36 Main St, City_36",Branch_6,3411,2005-09-25,6,+12345678036,2003-09-13 13:21:47,2000-08-24 11:14:24
37,Lawyer_37,lawyer37@example.com,2010-04-16 13:58:29,password123,token_37,"37 Main St, City_37",Branch_7,9789,2012-10-08,11,+12345678037,2011-10-22 16:37:52,2008-12-28 03:58:41
38,Lawyer_38,lawyer38@example.com,2003-07-03 00:24:33,password123,token_38,"38 Main St, City_38",Branch_8,1648,2014-03-27,18,+12345678038,2022-10-31 19:15:29,2020-09-08 02:53:45
39,Lawyer_39,lawyer39@example.com,2005-08-24 12:07:11,password123,token_39,"39 Main St, City_39",Branch_9,6583,2021-11-26,21,+12345678039,2005-12-05 03:27:14,2019-10-13 11:05:38
40,Lawyer_40,lawyer40@example.com,2015-06-15 20:19:36,password123,token_40,"40 Main St, City_40",Branch_0,4507,2018-02-28,6,+12345678040,2022-12-31 08:05:34,2013-05-15 18:11:03
41,Lawyer_41,lawyer41@example.com,2021-11-14 08:47:38,password123,token_41,"41 Main St, City_41",Branch_1,9350,2011-10-31,29,+12345678041,2014-07-23 18:56:55,2015-06-12 22:55:05
42,Lawyer_42,lawyer42@example.com,2018-12-05 23:11:12,password123,token_42,"42 Main St, City_42",Branch_2,9767,2023-03-13,1,+12345678042,2015-03-23 10:21:18,2016-12-14 22:48:14
43,Lawyer_43,lawyer43@example.com,2015-08-22 11:20:55,password123,token_43,"43 Main St, City_43",Branch_3,7902,2022-10-18,6,+12345678043,2017-01-27 16:28:49,2009-11-02 11:40:03
44,Lawyer_44,lawyer44@example.com,2001-08-06 10:42:29,password123,token_44,"44 Main St, City_44",Branch_4,5391,2004-07-07,28,+12345678044,2001-12-13 20:37:37,2000-02-21 21:14:42
45,Lawyer_45,lawyer45@example.com,2017-06-22 11:40:33,password123,token_45,"45 Main St, City_45",Branch_5,3525,2017-12-16,21,+12345678045,2018-10-25 12:21:33,2022-05-20 20:36:13
46,Lawyer_46,lawyer46@example.com,2023-12-24 05:19:08,password123,token_46,"46 Main St, City_46",Branch_6,4080,2016-06-19,9,+12345678046,2016-11-01 11:05:01,2013-03-02 19:50:12
47,Lawyer_47,lawyer47@example.com,2011-08-20 12:07:59,password123,token_47,"47 Main St, City_47",Branch_7,4857,2002-02-28,14,+12345678047,2009-11-23 09:54:43,2020-12-08 14:29:25
48,Lawyer_48,lawyer48@example.com,2018-01-13 05:48:45,password123,token_48,"48 Main St, City_48",Branch_8,7349,2010-10-02,16,+12345678048,2021-11-29 15:42:17,2000-11-07 08:09:18
49,Lawyer_49,lawyer49@example.com,2012-07-02 04:40:57,password123,token_49,"49 Main St, City_49",Branch_9,1992,2020-06-14,28,+12345678049,2021-03-27 22:04:16,2024-02-12 14:33:00
50,Lawyer_50,lawyer50@example.com,2017-01-31 18:55:28,password123,token_50,"50 Main St, City_50",Branch_0,3584,2005-07-31,24,+12345678050,2018-10-07 23:21:38,2014-07-11 09:43:52
51,Lawyer_51,lawyer51@example.com,2004-07-31 21:31:04,password123,token_51,"51 Main St, City_51",Branch_1,5175,2001-03-16,10,+12345678051,2016-10-15 02:30:11,2004-12-27 23:24:52
52,Lawyer_52,lawyer52@example.com,2021-08-08 23:19:27,password123,token_52,"52 Main St, City_52",Branch_2,2303,2015-04-26,23,+12345678052,2021-06-11 17:20:34,2012-08-11 22:20:43
53,Lawyer_53,lawyer53@example.com,2009-01-29 02:22:11,password123,token_53,"53 Main St, City_53",Branch_3,7257,2000-01-11,11,+12345678053,2017-03-01 16:16:07,2017-06-11 07:20:42
54,Lawyer_54,lawyer54@example.com,2019-06-23 05:39:45,password123,token_54,"54 Main St, City_54",Branch_4,7172,2011-09-27,14,+12345678054,2010-07-16 04:58:33,2016-08-14 21:26:46
55,Lawyer_55,lawyer55@example.com,2002-07-24 13:41:31,password123,token_55,"55 Main St, City_55",Branch_5,2295,2000-12-05,17,+12345678055,2018-11-06 00:48:42,2019-08-31 13:56:24
56,Lawyer_56,lawyer56@example.com,2007-05-18 14:48:15,password123,token_56,"56 Main St, City_56",Branch_6,3449,2019-04-01,15,+12345678056,2007-09-19 02:37:37,2023-09-08 20:09:11
57,Lawyer_57,lawyer57@example.com,2006-01-22 23:24:39,password123,token_57,"57 Main St, City_57",Branch_7,5919,2005-08-02,2,+12345678057,2003-04-01 13:21:53,2010-11-29 14:16:13
58,Lawyer_58,lawyer58@example.com,2019-05-12 02:10:25,password123,token_58,"58 Main St, City_58",Branch_8,3834,2024-09-08,18,+12345678058,2022-04-11 11:19:41,2021-07-14 09:36:12
59,Lawyer_59,lawyer59@example.com,2016-03-30 06:31:39,password123,token_59,"59 Main St, City_59",Branch_9,5816,2007-11-28,14,+12345678059,2023-08-11 23:27:54,2018-05-16 11:44:20
60,Lawyer_60,lawyer60@example.com,2020-09-09 09:25:25,password123,token_60,"60 Main St, City_60",Branch_0,4265,2022-06-28,2,+12345678060,2016-08-03 14:45:23,2021-02-07 21:25:12
61,Lawyer_61,lawyer61@example.com,2009-06-12 04:20:59,password123,token_61,"61 Main St, City_61",Branch_1,1732,2015-09-09,16,+12345678061,2019-07-12 11:20:19,2022-02-21 15:36:31
62,Lawyer_62,lawyer62@example.com,2008-06-02 12:15:28,password123,token_62,"62 Main St, City_62",Branch_2,8298,2003-02-07,14,+12345678062,2021-11-18 07:55:33,2006-11-20 02:10:46
63,Lawyer_63,lawyer63@example.com,2023-09-03 13:54:55,password123,token_63,"63 Main St, City_63",Branch_3,3535,2002-12-04,11,+12345678063,2020-02-24 02:55:25,2002-09-06 12:29:39
64,Lawyer_64,lawyer64@example.com,2007-08-11 16:22:31,password123,token_64,"64 Main St, City_64",Branch_4,2607,2001-02-04,7,+12345678064,2012-09-20 05:25:05,2017-03-07 18:09:01
65,Lawyer_65,lawyer65@example.com,2000-05-17 08:31:49,password123,token_65,"65 Main St, City_65",Branch_5,2380,2018-03-16,30,+12345678065,2004-12-10 08:16:25,2024-09-12 01:04:47
66,Lawyer_66,lawyer66@example.com,2023-02-24 09:07:17,password123,token_66,"66 Main St, City_66",Branch_6,5616,2002-10-10,17,+12345678066,2010-06-23 09:24:32,2022-04-28 20:26:24
67,Lawyer_67,lawyer67@example.com,2018-07-25 22:43:16,password123,token_67,"67 Main St, City_67",Branch_7,5867,2003-10-09,5,+12345678067,2017-05-15 02:23:31,2022-10-27 21:13:23
68,Lawyer_68,lawyer68@example.com,2013-04-02 04:18:37,password123,token_68,"68 Main St, City_68",Branch_8,5168,2010-08-08,5,+12345678068,2002-06-15 11:50:49,2000-07-01 14:34:16
69,Lawyer_69,lawyer69@example.com,2016-03-02 14:15:18,password123,token_69,"69 Main St, City_69",Branch_9,3186,2012-07-02,30,+12345678069,2018-02-23 08:25:10,2016-08-03 13:28:59
70,Lawyer_70,lawyer70@example.com,2019-02-20 14:53:08,password123,token_70,"70 Main St, City_70",Branch_0,6460,2009-02-16,25,+12345678070,2008-06-12 23:26:55,2005-12-27 01:28:42
71,Lawyer_71,lawyer71@example.com,2009-01-04 18:45:24,password123,token_71,"71 Main St, City_71",Branch_1,1614,2006-03-29,28,+12345678071,2021-05-09 21:54:37,2016-02-19 00:57:55
72,Lawyer_72,lawyer72@example.com,2024-09-21 06:55:27,password123,token_72,"72 Main St, City_72",Branch_2,9748,2006-06-01,23,+12345678072,2015-01-14 21:21:19,2003-07-15 10:21:57
73,Lawyer_73,lawyer73@example.com,2017-05-18 21:36:39,password123,token_73,"73 Main St, City_73",Branch_3,2602,2021-10-07,8,+12345678073,2013-04-24 20:18:20,2003-01-11 03:26:47
74,Lawyer_74,lawyer74@example.com,2020-02-11 16:45:45,password123,token_74,"74 Main St, City_74",Branch_4,3776,2023-04-23,18,+12345678074,2008-08-18 01:19:24,2013-04-24 06:33:58
75,Lawyer_75,lawyer75@example.com,2003-02-08 07:08:47,password123,token_75,"75 Main St, City_75",Branch_5,9000,2009-05-20,23,+12345678075,2024-03-04 03:15:59,2001-02-26 13:14:39
76,Lawyer_76,lawyer76@example.com,2022-08-12 20:13:59,password123,token_76,"76 Main St, City_76",Branch_6,4269,2000-07-20,10,+12345678076,2020-02-16 23:27:45,2020-02-21 07:16:53
77,Lawyer_77,lawyer77@example.com,2006-06-27 01:59:37,password123,token_77,"77 Main St, City_77",Branch_7,5159,2012-11-01,16,+12345678077,2002-03-14 01:59:24,2000-01-25 01:25:29
78,Lawyer_78,lawyer78@example.com,2013-01-19 18:34:18,password123,token_78,"78 Main St, City_78",Branch_8,7318,2017-11-30,9,+12345678078,2006-10-27 00:19:00,2009-04-08 02:14:48
79,Lawyer_79,lawyer79@example.com,2011-11-24 14:56:44,password123,token_79,"79 Main St, City_79",Branch_9,9333,2022-11-26,23,+12345678079,2010-11-16 10:59:12,2012-10-04 20:49:12
80,Lawyer_80,lawyer80@example.com,2024-04-15 17:19:29,password123,token_80,"80 Main St, City_80",Branch_0,5626,2006-07-22,21,+12345678080,2005-01-24 13:46:45,2004-03-15 04:17:56
81,Lawyer_81,lawyer81@example.com,2021-03-20 21:33:22,password123,token_81,"81 Main St, City_81",Branch_1,8721,2009-03-21,3,+12345678081,2010-10-09 23:32:15,2017-03-30 05:33:31
82,Lawyer_82,lawyer82@example.com,2011-04-14 01:59:00,password123,token_82,"82 Main St, City_82",Branch_2,9614,2019-11-21,8,+12345678082,2020-09-06 15:28:16,2014-04-26 14:15:41
83,Lawyer_83,lawyer83@example.com,2016-04-04 01:07:18,password123,token_83,"83 Main St, City_83",Branch_3,9292,2013-04-19,24,+12345678083,2013-07-31 08:46:06,2007-05-15 16:47:28
84,Lawyer_84,lawyer84@example.com,2012-02-12 12:39:46,password123,token_84,"84 Main St, City_84",Branch_4,1962,2017-03-08,18,+12345678084,2016-11-21 10:08:20,2023-04-17 14:04:37
85,Lawyer_85,lawyer85@example.com,2000-04-29 23:25:47,password123,token_85,"85 Main St, City_85",Branch_5,1634,2013-12-14,21,+12345678085,2005-07-15 15:49:24,2022-04-26 17:57:30
86,Lawyer_86,lawyer86@example.com,2018-02-24 14:38:06,password123,token_86,"86 Main St, City_86",Branch_6,4880,2001-01-11,30,+12345678086,2015-01-26 23:35:18,2004-03-10 04:22:39
87,Lawyer_87,lawyer87@example.com,2002-02-03 04:26:37,password123,token_87,"87 Main St, City_87",Branch_7,1521,2013-07-14,8,+12345678087,2018-09-25 06:47:33,2001-04-08 19:32:31
88,Lawyer_88,lawyer88@example.com,2002-02-21 18:17:45,password123,token_88,"88 Main St, City_88",Branch_8,2382,2021-03-25,29,+12345678088,2013-08-09 09:19:56,2004-06-18 10:26:04
89,Lawyer_89,lawyer89@example.com,2014-06-15 14:05:19,password123,token_89,"89 Main St, City_89",Branch_9,5752,2003-03-19,3,+12345678089,2005-05-26 13:52:00,2002-07-12 08:44:17
90,Lawyer_90,lawyer90@example.com,2008-03-27 04:38:49,password123,token_90,"90 Main St, City_90",Branch_0,8848,2013-03-28,27,+12345678090,2000-12-22 18:25:15,2013-03-22 04:54:30
91,Lawyer_91,lawyer91@example.com,2022-06-14 22:49:35,password123,token_91,"91 Main St, City_91",Branch_1,4607,2010-01-09,22,+12345678091,2024-04-20 10:52:55,2000-12-25 18:26:25
92,Lawyer_92,lawyer92@example.com,2011-10-13 15:03:20,password123,token_92,"92 Main St, City_92",Branch_2,5700,2014-06-25,27,+12345678092,2003-02-27 09:25:57,2021-12-04 07:14:14
93,Lawyer_93,lawyer93@example.com,2012-07-13 20:46:12,password123,token_93,"93 Main St, City_93",Branch_3,6077,2000-09-28,18,+12345678093,2019-08-01 23:35:06,2022-03-22 04:03:39
94,Lawyer_94,lawyer94@example.com,2024-06-17 07:33:04,password123,token_94,"94 Main St, City_94",Branch_4,4424,2005-12-20,12,+12345678094,2016-07-28 08:48:32,2015-12-08 04:55:05
95,Lawyer_95,lawyer95@example.com,2010-05-24 22:43:08,password123,token_95,"95 Main St, City_95",Branch_5,5669,2018-03-11,24,+12345678095,2013-01-12 15:53:32,2018-09-21 21:07:30
96,Lawyer_96,lawyer96@example.com,2017-11-02 01:19:20,password123,token_96,"96 Main St, City_96",Branch_6,4661,2003-08-05,21,+12345678096,2004-08-15 13:28:58,2019-08-02 10:45:23
97,Lawyer_97,lawyer97@example.com,2004-09-13 13:33:30,password123,token_97,"97 Main St, City_97",Branch_7,8380,2022-02-15,18,+12345678097,2024-04-17 23:03:54,2013-09-24 05:42:31
98,Lawyer_98,lawyer98@example.com,2020-06-06 09:58:22,password123,token_98,"98 Main St, City_98",Branch_8,9166,2009-02-07,27,+12345678098,2003-04-29 15:35:30,2007-02-01 01:58:36
99,Lawyer_99,lawyer99@example.com,2018-08-14 02:28:55,password123,token_99,"99 Main St, City_99",Branch_9,5905,2023-05-23,5,+12345678099,2023-06-10 02:04:56,2005-04-30 22:03:46
100,Lawyer_100,lawyer100@example.com,2005-10-24 18:29:28,password123,token_100,"100 Main St, City_100",Branch_0,1704,2000-06-02,4,+12345678100,2011-12-18 18:01:04,2019-09-06 15:17:04
101,Lawyer_101,lawyer101@example.com,2019-02-14 19:52:41,password123,token_101,"101 Main St, City_101",Branch_1,8154,2021-06-05,3,+12345678101,2010-01-09 01:15:34,2008-11-13 05:14:58
102,Lawyer_102,lawyer102@example.com,2004-11-13 22:21:15,password123,token_102,"102 Main St, City_102",Branch_2,4965,2017-04-15,21,+12345678102,2004-01-05 18:18:47,2005-12-11 02:22:41
103,Lawyer_103,lawyer103@example.com,2018-07-06 02:36:21,password123,token_103,"103 Main St, City_103",Branch_3,8601,2024-09-25,10,+12345678103,2013-12-07 23:50:53,2010-02-07 20:43:40
104,Lawyer_104,lawyer104@example.com,2017-11-27 11:56:53,password123,token_104,"104 Main St, City_104",Branch_4,9099,2017-03-15,5,+12345678104,2017-02-05 00:22:53,2003-10-21 15:58:49
105,Lawyer_105,lawyer105@example.com,2023-09-20 16:22:51,password123,token_105,"105 Main St, City_105",Branch_5,9065,2020-11-15,27,+12345678105,2021-10-01 12:26:26,2011-08-17 05:05:06
106,Lawyer_106,lawyer106@example.com,2018-05-21 03:02:48,password123,token_106,"106 Main St, City_106",Branch_6,6260,2003-05-03,1,+12345678106,2016-12-21 18:34:06,2001-04-03 23:38:59
107,Lawyer_107,lawyer107@example.com,2005-12-31 20:11:41,password123,token_107,"107 Main St, City_107",Branch_7,7277,2012-09-11,6,+12345678107,2008-04-11 13:28:37,2009-04-19 15:11:09
108,Lawyer_108,lawyer108@example.com,2017-02-23 22:26:09,password123,token_108,"108 Main St, City_108",Branch_8,6753,2022-11-30,1,+12345678108,2013-01-12 09:50:43,2005-12-27 04:01:29
109,Lawyer_109,lawyer109@example.com,2013-11-13 08:50:09,password123,token_109,"109 Main St, City_109",Branch_9,9433,2023-10-21,3,+12345678109,2023-05-22 01:09:47,2001-03-10 21:12:16
110,Lawyer_110,lawyer110@example.com,2018-11-24 08:40:30,password123,token_110,"110 Main St, City_110",Branch_0,1538,2021-02-02,9,+12345678110,2005-10-13 04:40:08,2021-11-13 10:50:35
111,Lawyer_111,lawyer111@example.com,2018-11-26 02:10:34,password123,token_111,"111 Main St, City_111",Branch_1,8422,2023-07-29,21,+12345678111,2002-01-16 03:27:36,2022-01-22 14:39:48
112,Lawyer_112,lawyer112@example.com,2002-12-16 17:20:06,password123,token_112,"112 Main St, City_112",Branch_2,7294,2006-03-07,15,+12345678112,2010-04-18 08:51:28,2019-10-11 11:17:26
113,Lawyer_113,lawyer113@example.com,2014-10-21 00:38:02,password123,token_113,"113 Main St, City_113",Branch_3,3441,2012-09-03,9,+12345678113,2006-09-28 10:23:23,2018-06-19 11:38:37
114,Lawyer_114,lawyer114@example.com,2010-06-05 04:11:09,password123,token_114,"114 Main St, City_114",Branch_4,3575,2014-01-07,12,+12345678114,2017-12-17 16:34:44,2022-10-16 00:18:30
115,Lawyer_115,lawyer115@example.com,2015-02-24 09:10:28,password123,token_115,"115 Main St, City_115",Branch_5,5623,2002-11-02,7,+12345678115,2009-08-17 15:56:38,2019-05-14 03:04:21
116,Lawyer_116,lawyer116@example.com,2003-11-07 06:19:45,password123,token_116,"116 Main St, City_116",Branch_6,4315,2017-10-19,4,+12345678116,2017-04-18 02:40:23,2007-04-04 19:11:53
117,Lawyer_117,lawyer117@example.com,2011-12-21 03:38:09,password123,token_117,"117 Main St, City_117",Branch_7,1331,2014-02-09,22,+12345678117,2002-12-02 09:43:07,2020-08-11 06:17:22
118,Lawyer_118,lawyer118@example.com,2015-11-22 14:02:59,password123,token_118,"118 Main St, City_118",Branch_8,6180,2017-09-23,27,+12345678118,2005-03-24 05:58:33,2015-05-18 16:40:51
119,Lawyer_119,lawyer119@example.com,2016-05-20 06:50:26,password123,token_119,"119 Main St, City_119",Branch_9,5943,2014-10-27,25,+12345678119,2017-10-16 08:46:55,2005-03-20 22:14:46
120,Lawyer_120,lawyer120@example.com,2000-12-15 05:40:18,password123,token_120,"120 Main St, City_120",Branch_0,1161,2014-07-09,17,+12345678120,2023-04-23 05:34:09,2004-11-13 05:37:08
121,Lawyer_121,lawyer121@example.com,2023-05-19 12:16:56,password123,token_121,"121 Main St, City_121",Branch_1,3844,2010-09-01,18,+12345678121,2011-01-25 00:32:08,2001-07-18 04:33:32
122,Lawyer_122,lawyer122@example.com,2015-02-20 05:03:20,password123,token_122,"122 Main St, City_122",Branch_2,9335,2015-07-26,29,+12345678122,2012-08-24 19:48:30,2023-05-20 12:04:19
123,Lawyer_123,lawyer123@example.com,2006-04-18 18:54:27,password123,token_123,"123 Main St, City_123",Branch_3,8890,2019-05-17,3,+12345678123,2016-03-29 04:21:24,2007-02-21 21:25:11
124,Lawyer_124,lawyer124@example.com,2019-03-17 11:47:39,password123,token_124,"124 Main St, City_124",Branch_4,8078,2022-08-27,9,+12345678124,2019-11-09 16:33:14,2014-08-31 19:46:00
125,Lawyer_125,lawyer125@example.com,2000-11-24 15:24:53,password123,token_125,"125 Main St, City_125",Branch_5,2571,2012-06-29,28,+12345678125,2011-03-12 12:29:42,2013-10-18 11:41:06
126,Lawyer_126,lawyer126@example.com,2012-10-17 09:56:36,password123,token_126,"126 Main St, City_126",Branch_6,4408,2012-12-23,5,+12345678126,2000-03-12 18:53:30,2018-07-21 05:57:02
127,Lawyer_127,lawyer127@example.com,2012-03-03 02:54:39,password123,token_127,"127 Main St, City_127",Branch_7,7739,2006-04-13,4,+12345678127,2013-06-19 00:02:23,2018-06-28 13:12:19
128,Lawyer_128,lawyer128@example.com,2007-01-21 22:22:49,password123,token_128,"128 Main St, City_128",Branch_8,8229,2017-06-20,26,+12345678128,2023-07-15 12:12:55,2001-07-15 08:34:47
129,Lawyer_129,lawyer129@example.com,2015-08-19 18:47:12,password123,token_129,"129 Main St, City_129",Branch_9,4182,2012-04-03,6,+12345678129,2017-12-19 18:50:54,2006-05-17 03:32:23
130,Lawyer_130,lawyer130@example.com,2012-11-05 18:02:10,password123,token_130,"130 Main St, City_130",Branch_0,3419,2013-09-27,6,+12345678130,2011-11-10 17:08:55,2014-08-10 21:00:55
131,Lawyer_131,lawyer131@example.com,2017-09-09 12:04:14,password123,token_131,"131 Main St, City_131",Branch_1,9782,2003-12-25,23,+12345678131,2021-07-27 04:40:13,2009-04-30 05:44:51
132,Lawyer_132,lawyer132@example.com,2012-12-14 10:55:12,password123,token_132,"132 Main St, City_132",Branch_2,2707,2023-12-06,17,+12345678132,2007-02-13 06:22:30,2000-07-01 01:38:59
133,Lawyer_133,lawyer133@example.com,2021-04-14 00:14:52,password123,token_133,"133 Main St, City_133",Branch_3,4774,2013-10-26,27,+12345678133,2000-02-23 21:32:32,2008-03-25 06:33:22
134,Lawyer_134,lawyer134@example.com,2005-07-21 19:41:24,password123,token_134,"134 Main St, City_134",Branch_4,5361,2002-08-08,13,+12345678134,2012-05-24 03:32:09,2007-05-13 06:41:20
135,Lawyer_135,lawyer135@example.com,2019-01-14 20:36:18,password123,token_135,"135 Main St, City_135",Branch_5,7005,2024-11-06,7,+12345678135,2000-09-16 12:41:28,2007-01-24 21:54:50
136,Lawyer_136,lawyer136@example.com,2020-05-16 07:11:00,password123,token_136,"136 Main St, City_136",Branch_6,6204,2023-10-26,19,+12345678136,2023-12-15 04:43:34,2009-11-17 18:18:25
137,Lawyer_137,lawyer137@example.com,2004-09-01 12:18:09,password123,token_137,"137 Main St, City_137",Branch_7,6182,2000-06-15,23,+12345678137,2002-12-04 23:48:04,2022-12-07 00:20:21
138,Lawyer_138,lawyer138@example.com,2021-12-15 23:58:53,password123,token_138,"138 Main St, City_138",Branch_8,3599,2004-02-15,21,+12345678138,2014-08-28 02:14:59,2008-05-11 19:27:58
139,Lawyer_139,lawyer139@example.com,2001-05-08 16:02:36,password123,token_139,"139 Main St, City_139",Branch_9,5459,2000-07-03,25,+12345678139,2004-07-01 12:18:34,2023-02-26 12:18:53
140,Lawyer_140,lawyer140@example.com,2007-12-21 19:30:56,password123,token_140,"140 Main St, City_140",Branch_0,3268,2024-01-16,29,+12345678140,2005-08-09 06:15:31,2001-06-27 23:04:58
141,Lawyer_141,lawyer141@example.com,2024-04-12 18:27:34,password123,token_141,"141 Main St, City_141",Branch_1,8002,2015-12-21,30,+12345678141,2001-09-29 00:46:18,2016-11-02 15:30:16
142,Lawyer_142,lawyer142@example.com,2000-07-15 01:31:30,password123,token_142,"142 Main St, City_142",Branch_2,6765,2016-04-27,29,+12345678142,2021-11-25 23:27:44,2022-02-27 07:48:31
143,Lawyer_143,lawyer143@example.com,2018-08-24 17:03:31,password123,token_143,"143 Main St, City_143",Branch_3,5729,2007-12-23,14,+12345678143,2003-05-14 14:50:46,2022-01-10 20:39:43
144,Lawyer_144,lawyer144@example.com,2007-09-20 00:27:20,password123,token_144,"144 Main St, City_144",Branch_4,6898,2006-10-04,3,+12345678144,2016-03-31 08:36:50,2024-09-01 19:41:58
145,Lawyer_145,lawyer145@example.com,2014-08-30 20:59:14,password123,token_145,"145 Main St, City_145",Branch_5,1185,2007-03-27,15,+12345678145,2000-12-28 14:50:07,2023-12-19 22:48:35
146,Lawyer_146,lawyer146@example.com,2009-02-27 05:15:42,password123,token_146,"146 Main St, City_146",Branch_6,7300,2004-01-18,4,+12345678146,2010-04-22 21:39:55,2010-08-29 20:05:50
147,Lawyer_147,lawyer147@example.com,2008-08-02 23:56:45,password123,token_147,"147 Main St, City_147",Branch_7,7110,2009-05-04,18,+12345678147,2005-02-14 10:41:08,2020-10-13 04:11:23
148,Lawyer_148,lawyer148@example.com,2002-01-16 06:16:13,password123,token_148,"148 Main St, City_148",Branch_8,1708,2000-06-11,16,+12345678148,2020-10-28 01:22:28,2021-04-29 21:04:02
149,Lawyer_149,lawyer149@example.com,2013-08-07 15:59:44,password123,token_149,"149 Main St, City_149",Branch_9,5670,2012-07-09,25,+12345678149,2007-06-28 07:26:59,2020-10-23 01:40:31
150,Lawyer_150,lawyer150@example.com,2002-04-06 08:13:04,password123,token_150,"150 Main St, City_150",Branch_0,3689,2000-04-14,24,+12345678150,2011-12-10 03:32:39,2002-04-03 08:21:25
151,Lawyer_151,lawyer151@example.com,2020-03-29 13:42:26,password123,token_151,"151 Main St, City_151",Branch_1,8011,2016-01-26,19,+12345678151,2017-06-10 19:50:38,2003-01-22 09:28:39
152,Lawyer_152,lawyer152@example.com,2015-11-18 07:40:25,password123,token_152,"152 Main St, City_152",Branch_2,8315,2006-04-27,13,+12345678152,2006-07-13 03:26:36,2001-06-27 19:37:26
153,Lawyer_153,lawyer153@example.com,2012-11-04 05:57:09,password123,token_153,"153 Main St, City_153",Branch_3,4093,2019-07-01,23,+12345678153,2008-11-17 22:07:56,2016-12-06 10:25:18
154,Lawyer_154,lawyer154@example.com,2021-01-28 21:59:21,password123,token_154,"154 Main St, City_154",Branch_4,7939,2009-10-05,5,+12345678154,2021-11-20 11:30:11,2010-08-19 16:36:36
155,Lawyer_155,lawyer155@example.com,2010-02-05 21:08:52,password123,token_155,"155 Main St, City_155",Branch_5,2808,2018-05-29,25,+12345678155,2007-10-06 23:38:46,2023-03-01 16:01:00
156,Lawyer_156,lawyer156@example.com,2013-01-06 05:53:38,password123,token_156,"156 Main St, City_156",Branch_6,2492,2020-11-09,22,+12345678156,2009-01-30 13:43:22,2008-11-05 08:49:55
157,Lawyer_157,lawyer157@example.com,2013-01-01 18:12:13,password123,token_157,"157 Main St, City_157",Branch_7,4397,2022-04-10,30,+12345678157,2005-01-16 23:51:20,2022-04-06 01:22:06
158,Lawyer_158,lawyer158@example.com,2019-05-02 04:57:59,password123,token_158,"158 Main St, City_158",Branch_8,5491,2018-04-06,29,+12345678158,2014-02-07 20:27:40,2007-12-18 23:23:45
159,Lawyer_159,lawyer159@example.com,2003-03-12 04:34:17,password123,token_159,"159 Main St, City_159",Branch_9,4495,2000-10-17,30,+12345678159,2003-01-05 06:46:16,2002-07-21 02:38:18
160,Lawyer_160,lawyer160@example.com,2024-08-21 21:11:39,password123,token_160,"160 Main St, City_160",Branch_0,2600,2020-04-13,26,+12345678160,2024-05-25 02:00:39,2005-04-24 12:22:50
161,Lawyer_161,lawyer161@example.com,2015-05-23 03:33:45,password123,token_161,"161 Main St, City_161",Branch_1,1131,2019-06-21,23,+12345678161,2023-12-17 12:43:40,2000-11-01 18:56:23
162,Lawyer_162,lawyer162@example.com,2008-01-15 09:07:13,password123,token_162,"162 Main St, City_162",Branch_2,3120,2020-04-23,17,+12345678162,2005-11-15 08:43:11,2021-06-23 12:21:22
163,Lawyer_163,lawyer163@example.com,2002-12-22 06:15:50,password123,token_163,"163 Main St, City_163",Branch_3,7758,2010-10-14,26,+12345678163,2007-01-28 22:06:16,2022-07-25 18:15:58
164,Lawyer_164,lawyer164@example.com,2012-04-06 23:03:07,password123,token_164,"164 Main St, City_164",Branch_4,6294,2024-09-24,16,+12345678164,2006-06-02 14:07:47,2017-10-05 18:52:35
165,Lawyer_165,lawyer165@example.com,2005-08-20 15:34:14,password123,token_165,"165 Main St, City_165",Branch_5,8966,2007-05-02,17,+12345678165,2001-05-13 15:52:39,2000-06-07 12:55:38
166,Lawyer_166,lawyer166@example.com,2001-02-16 06:37:11,password123,token_166,"166 Main St, City_166",Branch_6,4440,2022-07-09,5,+12345678166,2009-12-21 22:17:44,2019-02-09 15:45:55
167,Lawyer_167,lawyer167@example.com,2011-09-20 16:47:16,password123,token_167,"167 Main St, City_167",Branch_7,8459,2011-08-19,6,+12345678167,2024-08-13 23:14:26,2005-02-13 11:44:01
168,Lawyer_168,lawyer168@example.com,2001-05-10 13:28:47,password123,token_168,"168 Main St, City_168",Branch_8,4937,2007-04-09,5,+12345678168,2011-04-21 20:32:58,2022-04-12 02:15:51
169,Lawyer_169,lawyer169@example.com,2024-01-01 11:22:04,password123,token_169,"169 Main St, City_169",Branch_9,8037,2014-10-29,9,+12345678169,2017-08-21 18:46:53,2016-06-30 06:36:10
170,Lawyer_170,lawyer170@example.com,2005-12-11 17:31:07,password123,token_170,"170 Main St, City_170",Branch_0,5053,2018-12-20,29,+12345678170,2014-02-01 18:34:52,2003-04-25 17:35:56
171,Lawyer_171,lawyer171@example.com,2008-10-05 22:10:34,password123,token_171,"171 Main St, City_171",Branch_1,9764,2015-10-03,27,+12345678171,2017-03-25 11:44:16,2023-05-25 22:31:06
172,Lawyer_172,lawyer172@example.com,2001-06-04 10:38:37,password123,token_172,"172 Main St, City_172",Branch_2,1345,2022-09-12,16,+12345678172,2005-05-20 13:13:32,2005-12-28 03:32:57
173,Lawyer_173,lawyer173@example.com,2015-01-03 06:27:02,password123,token_173,"173 Main St, City_173",Branch_3,9852,2020-07-16,7,+12345678173,2019-09-24 19:17:43,2008-10-31 17:19:27
174,Lawyer_174,lawyer174@example.com,2018-03-15 05:24:09,password123,token_174,"174 Main St, City_174",Branch_4,8117,2020-11-15,7,+12345678174,2019-12-26 01:31:32,2004-07-25 02:15:40
175,Lawyer_175,lawyer175@example.com,2014-08-26 09:55:37,password123,token_175,"175 Main St, City_175",Branch_5,5811,2012-11-10,27,+12345678175,2017-08-12 20:02:34,2021-06-24 11:15:37
176,Lawyer_176,lawyer176@example.com,2017-01-17 18:23:40,password123,token_176,"176 Main St, City_176",Branch_6,9729,2000-01-23,8,+12345678176,2013-09-25 09:09:59,2024-08-13 07:22:13
177,Lawyer_177,lawyer177@example.com,2008-04-02 01:36:15,password123,token_177,"177 Main St, City_177",Branch_7,3963,2006-11-28,16,+12345678177,2019-01-28 20:37:43,2024-06-16 10:49:20
178,Lawyer_178,lawyer178@example.com,2007-12-11 14:26:25,password123,token_178,"178 Main St, City_178",Branch_8,1052,2000-10-20,4,+12345678178,2019-06-08 05:51:08,2015-05-28 18:24:09
179,Lawyer_179,lawyer179@example.com,2007-11-20 10:25:03,password123,token_179,"179 Main St, City_179",Branch_9,7931,2006-01-16,30,+12345678179,2003-12-15 04:10:48,2009-01-24 13:18:59
180,Lawyer_180,lawyer180@example.com,2023-10-27 01:53:24,password123,token_180,"180 Main St, City_180",Branch_0,2232,2003-05-23,18,+12345678180,2000-02-09 21:41:59,2005-07-17 12:23:33
181,Lawyer_181,lawyer181@example.com,2012-08-02 05:43:35,password123,token_181,"181 Main St, City_181",Branch_1,5668,2000-08-11,14,+12345678181,2015-12-20 15:04:37,2010-02-06 10:02:21
182,Lawyer_182,lawyer182@example.com,2013-05-02 20:00:17,password123,token_182,"182 Main St, City_182",Branch_2,9483,2023-05-26,9,+12345678182,2024-01-03 01:00:57,2015-03-04 22:21:39
183,Lawyer_183,lawyer183@example.com,2008-05-03 09:34:59,password123,token_183,"183 Main St, City_183",Branch_3,8756,2022-04-04,17,+12345678183,2015-02-18 07:09:56,2013-06-10 02:55:37
184,Lawyer_184,lawyer184@example.com,2006-05-30 21:23:32,password123,token_184,"184 Main St, City_184",Branch_4,5948,2004-01-13,17,+12345678184,2004-04-27 12:32:38,2012-02-13 19:20:45
185,Lawyer_185,lawyer185@example.com,2016-07-16 08:28:31,password123,token_185,"185 Main St, City_185",Branch_5,9568,2019-03-24,17,+12345678185,2024-07-15 14:53:57,2013-12-29 21:42:11
186,Lawyer_186,lawyer186@example.com,2008-06-09 23:02:35,password123,token_186,"186 Main St, City_186",Branch_6,5456,2005-03-19,27,+12345678186,2008-05-30 15:48:53,2009-08-09 10:47:18
187,Lawyer_187,lawyer187@example.com,2005-11-23 11:44:46,password123,token_187,"187 Main St, City_187",Branch_7,7230,2000-10-28,1,+12345678187,2023-02-27 12:40:23,2023-06-08 22:33:46
188,Lawyer_188,lawyer188@example.com,2006-03-21 00:22:05,password123,token_188,"188 Main St, City_188",Branch_8,7382,2012-05-24,22,+12345678188,2017-04-02 12:01:12,2000-08-28 11:40:14
189,Lawyer_189,lawyer189@example.com,2016-02-04 01:43:23,password123,token_189,"189 Main St, City_189",Branch_9,1237,2009-02-26,3,+12345678189,2000-09-09 08:33:26,2022-08-03 21:19:16
190,Lawyer_190,lawyer190@example.com,2007-01-20 00:54:34,password123,token_190,"190 Main St, City_190",Branch_0,3307,2007-04-07,10,+12345678190,2021-11-20 14:52:58,2021-08-24 16:16:46
191,Lawyer_191,lawyer191@example.com,2023-10-24 16:40:53,password123,token_191,"191 Main St, City_191",Branch_1,2743,2021-03-01,1,+12345678191,2016-09-08 17:07:48,2013-06-29 10:13:07
192,Lawyer_192,lawyer192@example.com,2024-03-11 08:12:58,password123,token_192,"192 Main St, City_192",Branch_2,3625,2009-05-24,9,+12345678192,2016-05-14 22:47:05,2022-12-02 04:46:27
193,Lawyer_193,lawyer193@example.com,2021-03-07 18:58:59,password123,token_193,"193 Main St, City_193",Branch_3,9650,2022-02-18,5,+12345678193,2020-02-25 23:57:04,2019-03-24 00:32:34
194,Lawyer_194,lawyer194@example.com,2014-07-15 22:13:53,password123,token_194,"194 Main St, City_194",Branch_4,7536,2010-05-15,22,+12345678194,2014-02-16 22:57:41,2011-07-25 07:05:30
195,Lawyer_195,lawyer195@example.com,2004-05-11 06:46:58,password123,token_195,"195 Main St, City_195",Branch_5,6605,2018-05-07,22,+12345678195,2001-06-18 07:34:29,2001-11-26 11:59:10
196,Lawyer_196,lawyer196@example.com,2008-06-07 02:56:57,password123,token_196,"196 Main St, City_196",Branch_6,6782,2019-06-15,17,+12345678196,2001-10-18 07:08:25,2022-11-05 21:09:00
197,Lawyer_197,lawyer197@example.com,2002-11-20 07:47:35,password123,token_197,"197 Main St, City_197",Branch_7,3552,2022-10-09,18,+12345678197,2016-09-28 22:20:20,2021-09-02 01:49:56
198,Lawyer_198,lawyer198@example.com,2024-06-13 16:23:02,password123,token_198,"198 Main St, City_198",Branch_8,1054,2016-03-11,12,+12345678198,2016-08-12 15:44:28,2003-09-25 03:48:54
199,Lawyer_199,lawyer199@example.com,2010-07-14 07:00:25,password123,token_199,"199 Main St, City_199",Branch_9,7503,2011-02-21,17,+12345678199,2009-03-24 16:40:53,2002-05-07 10:59:23
200,Lawyer_200,lawyer200@example.com,2014-02-27 14:27:16,password123,token_200,"200 Main St, City_200",Branch_0,9489,2010-07-14,8,+12345678200,2004-02-11 03:26:22,2004-12-15 20:04:00
201,Lawyer_201,lawyer201@example.com,2010-07-02 04:52:58,password123,token_201,"201 Main St, City_201",Branch_1,8753,2024-04-14,21,+12345678201,2011-03-25 19:06:16,2005-03-26 02:49:13
202,Lawyer_202,lawyer202@example.com,2014-10-13 05:49:15,password123,token_202,"202 Main St, City_202",Branch_2,7685,2008-10-23,6,+12345678202,2002-03-31 02:28:53,2023-02-28 02:12:50
203,Lawyer_203,lawyer203@example.com,2018-07-22 02:17:39,password123,token_203,"203 Main St, City_203",Branch_3,3441,2002-09-23,5,+12345678203,2023-10-09 01:56:48,2006-07-15 03:29:46
204,Lawyer_204,lawyer204@example.com,2000-03-04 17:45:14,password123,token_204,"204 Main St, City_204",Branch_4,9442,2002-01-31,10,+12345678204,2013-07-01 22:57:07,2014-10-04 19:37:32
205,Lawyer_205,lawyer205@example.com,2011-05-29 13:25:22,password123,token_205,"205 Main St, City_205",Branch_5,7194,2015-09-13,2,+12345678205,2022-01-30 09:09:11,2006-08-13 08:17:44
206,Lawyer_206,lawyer206@example.com,2023-12-31 17:32:53,password123,token_206,"206 Main St, City_206",Branch_6,6288,2001-07-11,9,+12345678206,2020-09-25 11:16:59,2013-05-30 05:22:04
207,Lawyer_207,lawyer207@example.com,2017-09-30 02:09:28,password123,token_207,"207 Main St, City_207",Branch_7,4066,2007-07-09,22,+12345678207,2000-09-28 01:28:54,2009-04-29 23:06:17
208,Lawyer_208,lawyer208@example.com,2007-01-05 21:49:17,password123,token_208,"208 Main St, City_208",Branch_8,6351,2024-10-29,11,+12345678208,2015-03-16 02:16:17,2013-06-20 05:29:59
209,Lawyer_209,lawyer209@example.com,2015-02-21 16:39:17,password123,token_209,"209 Main St, City_209",Branch_9,8656,2016-08-13,2,+12345678209,2018-05-31 19:26:09,2024-09-22 15:54:15
210,Lawyer_210,lawyer210@example.com,2011-07-01 18:53:53,password123,token_210,"210 Main St, City_210",Branch_0,9106,2015-11-12,22,+12345678210,2005-05-08 07:51:32,2012-03-31 09:22:18
211,Lawyer_211,lawyer211@example.com,2015-01-26 10:10:50,password123,token_211,"211 Main St, City_211",Branch_1,3604,2015-08-28,13,+12345678211,2014-02-03 13:43:46,2013-05-17 11:17:02
212,Lawyer_212,lawyer212@example.com,2002-09-09 14:24:13,password123,token_212,"212 Main St, City_212",Branch_2,3129,2005-12-11,9,+12345678212,2018-11-05 19:40:34,2014-08-25 11:03:07
213,Lawyer_213,lawyer213@example.com,2003-04-13 04:47:35,password123,token_213,"213 Main St, City_213",Branch_3,4260,2010-08-26,29,+12345678213,2020-01-13 22:13:48,2004-10-16 22:01:54
214,Lawyer_214,lawyer214@example.com,2016-10-31 20:38:06,password123,token_214,"214 Main St, City_214",Branch_4,2232,2015-01-01,11,+12345678214,2005-12-11 15:22:35,2002-01-30 21:54:08
215,Lawyer_215,lawyer215@example.com,2015-01-30 09:54:21,password123,token_215,"215 Main St, City_215",Branch_5,6022,2005-10-31,30,+12345678215,2021-04-07 13:11:59,2010-06-28 23:32:21
216,Lawyer_216,lawyer216@example.com,2024-06-19 08:01:53,password123,token_216,"216 Main St, City_216",Branch_6,5206,2012-02-06,30,+12345678216,2003-07-30 00:01:54,2015-11-26 20:31:04
217,Lawyer_217,lawyer217@example.com,2020-07-11 02:17:45,password123,token_217,"217 Main St, City_217",Branch_7,2525,2006-08-30,29,+12345678217,2011-07-29 08:42:26,2015-04-30 22:50:52
218,Lawyer_218,lawyer218@example.com,2003-08-05 13:21:20,password123,token_218,"218 Main St, City_218",Branch_8,4918,2022-03-02,29,+12345678218,2022-07-26 01:08:55,2003-08-02 20:25:37
219,Lawyer_219,lawyer219@example.com,2018-02-19 07:31:30,password123,token_219,"219 Main St, City_219",Branch_9,2277,2020-11-23,14,+12345678219,2009-06-04 18:03:57,2015-12-31 05:40:33
220,Lawyer_220,lawyer220@example.com,2010-03-22 01:36:46,password123,token_220,"220 Main St, City_220",Branch_0,6422,2000-05-20,16,+12345678220,2019-07-02 23:47:35,2019-01-06 15:18:42
221,Lawyer_221,lawyer221@example.com,2006-09-09 07:24:41,password123,token_221,"221 Main St, City_221",Branch_1,6559,2015-06-13,27,+12345678221,2015-09-19 03:41:21,2007-06-07 10:24:11
222,Lawyer_222,lawyer222@example.com,2021-11-12 18:16:34,password123,token_222,"222 Main St, City_222",Branch_2,1240,2014-08-16,18,+12345678222,2005-04-09 18:00:16,2012-01-13 16:19:35
223,Lawyer_223,lawyer223@example.com,2009-11-20 06:39:21,password123,token_223,"223 Main St, City_223",Branch_3,7921,2017-04-12,20,+12345678223,2007-04-23 08:20:34,2005-02-09 14:38:11
224,Lawyer_224,lawyer224@example.com,2013-06-24 06:00:31,password123,token_224,"224 Main St, City_224",Branch_4,8459,2004-03-13,9,+12345678224,2002-08-29 06:29:36,2013-11-20 01:59:21
225,Lawyer_225,lawyer225@example.com,2002-09-27 10:53:40,password123,token_225,"225 Main St, City_225",Branch_5,2035,2007-05-10,4,+12345678225,2003-12-05 12:42:38,2001-04-17 21:05:32
226,Lawyer_226,lawyer226@example.com,2020-06-11 06:15:45,password123,token_226,"226 Main St, City_226",Branch_6,8851,2009-12-07,25,+12345678226,2003-08-16 23:10:49,2013-11-11 06:20:30
227,Lawyer_227,lawyer227@example.com,2000-10-07 12:59:28,password123,token_227,"227 Main St, City_227",Branch_7,1836,2011-08-21,4,+12345678227,2012-05-06 01:23:36,2014-11-16 13:24:04
228,Lawyer_228,lawyer228@example.com,2016-02-12 05:54:06,password123,token_228,"228 Main St, City_228",Branch_8,8817,2012-09-02,20,+12345678228,2016-01-06 22:56:32,2018-06-30 18:00:26
229,Lawyer_229,lawyer229@example.com,2022-08-17 18:22:16,password123,token_229,"229 Main St, City_229",Branch_9,6369,2017-04-01,25,+12345678229,2015-12-30 08:47:17,2012-07-04 18:36:41
230,Lawyer_230,lawyer230@example.com,2005-10-04 17:58:49,password123,token_230,"230 Main St, City_230",Branch_0,2046,2018-05-03,10,+12345678230,2004-08-10 03:20:17,2013-06-07 03:48:45
231,Lawyer_231,lawyer231@example.com,2005-06-04 00:07:44,password123,token_231,"231 Main St, City_231",Branch_1,5902,2023-12-21,21,+12345678231,2018-01-05 00:02:55,2005-11-20 21:55:04
232,Lawyer_232,lawyer232@example.com,2020-12-21 10:24:52,password123,token_232,"232 Main St, City_232",Branch_2,4812,2014-05-26,2,+12345678232,2004-12-02 15:06:20,2018-02-07 06:30:13
233,Lawyer_233,lawyer233@example.com,2001-05-21 12:05:07,password123,token_233,"233 Main St, City_233",Branch_3,8263,2000-11-04,24,+12345678233,2015-12-28 12:32:50,2008-01-09 09:05:46
234,Lawyer_234,lawyer234@example.com,2012-11-22 23:47:47,password123,token_234,"234 Main St, City_234",Branch_4,1472,2009-01-20,23,+12345678234,2004-05-12 23:56:56,2001-09-11 03:16:15
235,Lawyer_235,lawyer235@example.com,2012-02-19 12:10:07,password123,token_235,"235 Main St, City_235",Branch_5,3317,2009-01-09,25,+12345678235,2017-03-19 04:14:03,2002-03-02 01:25:28
236,Lawyer_236,lawyer236@example.com,2009-12-21 07:06:39,password123,token_236,"236 Main St, City_236",Branch_6,2652,2008-01-21,1,+12345678236,2011-02-17 18:23:16,2013-08-23 03:00:33
237,Lawyer_237,lawyer237@example.com,2012-11-03 04:46:46,password123,token_237,"237 Main St, City_237",Branch_7,3029,2018-01-30,1,+12345678237,2001-05-08 11:52:00,2000-09-24 05:01:45
238,Lawyer_238,lawyer238@example.com,2000-02-13 18:55:07,password123,token_238,"238 Main St, City_238",Branch_8,9566,2024-08-16,9,+12345678238,2021-12-02 02:37:01,2017-12-09 16:11:35
239,Lawyer_239,lawyer239@example.com,2003-09-18 05:27:31,password123,token_239,"239 Main St, City_239",Branch_9,5421,2013-03-06,15,+12345678239,2010-07-18 14:54:05,2021-12-17 04:44:27
240,Lawyer_240,lawyer240@example.com,2023-10-06 09:36:03,password123,token_240,"240 Main St, City_240",Branch_0,8244,2018-06-02,26,+12345678240,2004-01-28 08:21:19,2007-10-26 18:39:11
241,Lawyer_241,lawyer241@example.com,2006-01-20 10:27:01,password123,token_241,"241 Main St, City_241",Branch_1,3697,2012-10-04,17,+12345678241,2012-01-24 03:30:35,2024-09-12 18:25:34
242,Lawyer_242,lawyer242@example.com,2009-10-06 01:52:16,password123,token_242,"242 Main St, City_242",Branch_2,9903,2019-01-07,19,+12345678242,2006-03-22 06:29:05,2017-11-23 19:29:43
243,Lawyer_243,lawyer243@example.com,2002-11-30 09:10:51,password123,token_243,"243 Main St, City_243",Branch_3,6022,2019-07-20,28,+12345678243,2011-09-24 00:10:54,2024-06-20 14:59:18
244,Lawyer_244,lawyer244@example.com,2005-05-28 18:33:25,password123,token_244,"244 Main St, City_244",Branch_4,9115,2022-01-07,17,+12345678244,2012-03-28 19:10:53,2024-09-13 17:31:18
245,Lawyer_245,lawyer245@example.com,2016-04-01 12:06:03,password123,token_245,"245 Main St, City_245",Branch_5,7863,2015-12-29,17,+12345678245,2006-12-09 15:29:10,2023-11-14 14:20:39
246,Lawyer_246,lawyer246@example.com,2021-06-12 16:27:43,password123,token_246,"246 Main St, City_246",Branch_6,3498,2014-06-27,6,+12345678246,2014-06-21 10:31:58,2012-05-09 20:49:36
247,Lawyer_247,lawyer247@example.com,2022-06-11 15:36:15,password123,token_247,"247 Main St, City_247",Branch_7,3006,2006-05-23,12,+12345678247,2004-05-17 02:18:11,2016-06-14 16:44:27
248,Lawyer_248,lawyer248@example.com,2022-05-26 19:57:12,password123,token_248,"248 Main St, City_248",Branch_8,5875,2002-01-19,2,+12345678248,2017-06-30 17:40:48,2018-08-17 14:26:53
249,Lawyer_249,lawyer249@example.com,2005-09-22 00:29:42,password123,token_249,"249 Main St, City_249",Branch_9,5106,2024-05-10,24,+12345678249,2010-10-30 13:16:35,2016-09-01 12:40:59
250,Lawyer_250,lawyer250@example.com,2020-04-12 04:35:48,password123,token_250,"250 Main St, City_250",Branch_0,2603,2016-11-15,5,+12345678250,2003-09-05 17:27:49,2020-01-08 16:14:45
251,Lawyer_251,lawyer251@example.com,2014-11-16 07:10:41,password123,token_251,"251 Main St, City_251",Branch_1,6694,2015-07-04,13,+12345678251,2024-02-14 15:37:59,2004-06-06 00:39:54
252,Lawyer_252,lawyer252@example.com,2016-05-06 00:44:20,password123,token_252,"252 Main St, City_252",Branch_2,4386,2000-07-09,22,+12345678252,2022-08-24 00:50:30,2023-02-15 05:56:39
253,Lawyer_253,lawyer253@example.com,2017-05-24 21:06:28,password123,token_253,"253 Main St, City_253",Branch_3,4964,2000-10-05,14,+12345678253,2015-06-29 02:08:02,2015-08-13 19:19:50
254,Lawyer_254,lawyer254@example.com,2024-06-23 16:25:32,password123,token_254,"254 Main St, City_254",Branch_4,8584,2015-12-31,20,+12345678254,2000-07-28 00:58:52,2012-09-30 18:36:23
255,Lawyer_255,lawyer255@example.com,2016-11-05 06:25:04,password123,token_255,"255 Main St, City_255",Branch_5,8481,2020-03-14,28,+12345678255,2006-04-24 16:30:43,2014-02-09 03:07:59
256,Lawyer_256,lawyer256@example.com,2023-09-21 08:33:18,password123,token_256,"256 Main St, City_256",Branch_6,9084,2014-12-28,28,+12345678256,2011-07-09 09:54:30,2008-06-28 20:18:37
257,Lawyer_257,lawyer257@example.com,2022-08-10 01:00:56,password123,token_257,"257 Main St, City_257",Branch_7,2917,2007-09-01,13,+12345678257,2022-12-04 09:10:05,2007-08-26 12:07:21
258,Lawyer_258,lawyer258@example.com,2003-11-27 02:08:40,password123,token_258,"258 Main St, City_258",Branch_8,9282,2004-05-04,6,+12345678258,2019-06-14 06:18:57,2002-07-05 23:56:06
259,Lawyer_259,lawyer259@example.com,2001-09-28 18:49:11,password123,token_259,"259 Main St, City_259",Branch_9,2305,2017-07-31,19,+12345678259,2009-07-21 12:12:30,2014-10-13 17:46:59
260,Lawyer_260,lawyer260@example.com,2022-10-14 01:19:03,password123,token_260,"260 Main St, City_260",Branch_0,4125,2012-09-03,30,+12345678260,2007-08-29 16:10:12,2005-10-01 20:01:53
261,Lawyer_261,lawyer261@example.com,2010-09-12 18:25:05,password123,token_261,"261 Main St, City_261",Branch_1,3937,2002-01-27,21,+12345678261,2019-05-31 13:41:05,2017-10-09 14:20:23
262,Lawyer_262,lawyer262@example.com,2000-01-21 08:55:02,password123,token_262,"262 Main St, City_262",Branch_2,7935,2008-06-24,16,+12345678262,2016-07-31 18:16:20,2021-06-27 02:48:18
263,Lawyer_263,lawyer263@example.com,2007-08-07 00:32:52,password123,token_263,"263 Main St, City_263",Branch_3,8226,2007-03-08,18,+12345678263,2015-10-21 15:27:44,2003-05-26 14:00:35
264,Lawyer_264,lawyer264@example.com,2012-02-15 11:28:15,password123,token_264,"264 Main St, City_264",Branch_4,1513,2016-12-14,19,+12345678264,2006-11-29 22:34:39,2014-03-24 23:11:26
265,Lawyer_265,lawyer265@example.com,2000-04-04 17:15:41,password123,token_265,"265 Main St, City_265",Branch_5,1170,2006-09-07,11,+12345678265,2003-12-25 16:32:29,2014-10-03 11:01:24
266,Lawyer_266,lawyer266@example.com,2018-04-24 21:01:39,password123,token_266,"266 Main St, City_266",Branch_6,5811,2020-12-22,23,+12345678266,2006-04-09 05:05:05,2011-10-16 02:59:05
267,Lawyer_267,lawyer267@example.com,2021-09-06 10:19:38,password123,token_267,"267 Main St, City_267",Branch_7,6853,2016-05-29,9,+12345678267,2010-04-24 18:04:29,2021-11-02 00:06:40
268,Lawyer_268,lawyer268@example.com,2005-07-19 13:54:42,password123,token_268,"268 Main St, City_268",Branch_8,7580,2013-09-28,11,+12345678268,2018-02-20 16:24:05,2012-11-11 06:21:23
269,Lawyer_269,lawyer269@example.com,2004-08-19 09:13:50,password123,token_269,"269 Main St, City_269",Branch_9,1661,2000-12-24,29,+12345678269,2013-04-27 05:27:10,2019-01-19 18:00:38
270,Lawyer_270,lawyer270@example.com,2012-12-23 11:31:23,password123,token_270,"270 Main St, City_270",Branch_0,2529,2015-12-24,3,+12345678270,2018-05-16 20:40:55,2015-07-26 01:08:38
271,Lawyer_271,lawyer271@example.com,2019-10-06 06:34:46,password123,token_271,"271 Main St, City_271",Branch_1,4310,2021-06-19,27,+12345678271,2018-04-23 10:16:43,2010-09-27 20:41:50
272,Lawyer_272,lawyer272@example.com,2012-04-18 18:36:42,password123,token_272,"272 Main St, City_272",Branch_2,8489,2001-03-09,21,+12345678272,2000-05-30 07:51:15,2002-01-05 01:30:58
273,Lawyer_273,lawyer273@example.com,2000-08-01 23:15:34,password123,token_273,"273 Main St, City_273",Branch_3,8768,2023-07-31,5,+12345678273,2000-04-08 22:28:43,2011-11-21 05:25:41
274,Lawyer_274,lawyer274@example.com,2023-02-23 13:15:49,password123,token_274,"274 Main St, City_274",Branch_4,2070,2018-10-08,9,+12345678274,2023-02-11 05:43:45,2008-05-08 10:43:34
275,Lawyer_275,lawyer275@example.com,2007-09-08 19:20:36,password123,token_275,"275 Main St, City_275",Branch_5,8803,2023-10-06,2,+12345678275,2002-11-18 11:49:56,2002-06-24 08:11:51
276,Lawyer_276,lawyer276@example.com,2014-07-20 05:43:49,password123,token_276,"276 Main St, City_276",Branch_6,4057,2008-08-29,1,+12345678276,2000-08-07 15:47:56,2013-02-16 01:02:02
277,Lawyer_277,lawyer277@example.com,2009-03-20 23:21:32,password123,token_277,"277 Main St, City_277",Branch_7,9225,2017-01-06,8,+12345678277,2008-10-07 16:34:49,2009-02-22 08:53:07
278,Lawyer_278,lawyer278@example.com,2017-12-07 21:33:47,password123,token_278,"278 Main St, City_278",Branch_8,2990,2006-09-16,3,+12345678278,2021-07-22 18:27:12,2015-04-24 01:56:23
279,Lawyer_279,lawyer279@example.com,2016-07-04 12:10:11,password123,token_279,"279 Main St, City_279",Branch_9,6157,2012-06-06,23,+12345678279,2019-06-13 13:28:06,2012-10-19 00:06:02
280,Lawyer_280,lawyer280@example.com,2024-05-06 11:00:38,password123,token_280,"280 Main St, City_280",Branch_0,9309,2009-06-06,13,+12345678280,2009-03-20 19:15:42,2000-06-17 01:52:03
281,Lawyer_281,lawyer281@example.com,2015-11-17 19:48:12,password123,token_281,"281 Main St, City_281",Branch_1,3708,2008-04-05,1,+12345678281,2023-12-28 17:25:25,2005-07-17 03:51:01
282,Lawyer_282,lawyer282@example.com,2019-06-18 12:29:38,password123,token_282,"282 Main St, City_282",Branch_2,9873,2019-05-10,24,+12345678282,2001-03-25 07:26:09,2022-11-25 07:24:02
283,Lawyer_283,lawyer283@example.com,2013-05-18 04:18:57,password123,token_283,"283 Main St, City_283",Branch_3,8539,2016-12-09,5,+12345678283,2006-02-04 12:34:54,2015-12-28 17:34:51
284,Lawyer_284,lawyer284@example.com,2009-11-22 02:37:33,password123,token_284,"284 Main St, City_284",Branch_4,5862,2016-11-01,16,+12345678284,2001-11-27 10:07:47,2014-04-04 23:41:17
285,Lawyer_285,lawyer285@example.com,2008-12-17 15:15:55,password123,token_285,"285 Main St, City_285",Branch_5,5444,2011-02-26,5,+12345678285,2017-12-03 03:23:10,2007-01-25 03:33:41
286,Lawyer_286,lawyer286@example.com,2009-10-21 07:24:46,password123,token_286,"286 Main St, City_286",Branch_6,7933,2003-11-18,24,+12345678286,2015-09-14 07:07:20,2011-01-21 12:04:30
287,Lawyer_287,lawyer287@example.com,2019-05-20 22:00:18,password123,token_287,"287 Main St, City_287",Branch_7,7744,2018-05-05,7,+12345678287,2013-04-15 03:19:05,2005-08-02 17:26:39
288,Lawyer_288,lawyer288@example.com,2009-10-29 00:47:24,password123,token_288,"288 Main St, City_288",Branch_8,7481,2020-03-27,27,+12345678288,2016-12-12 21:43:07,2012-10-14 04:46:02
289,Lawyer_289,lawyer289@example.com,2007-08-26 20:23:29,password123,token_289,"289 Main St, City_289",Branch_9,5019,2015-02-14,23,+12345678289,2021-09-19 09:09:16,2013-10-07 20:12:02
290,Lawyer_290,lawyer290@example.com,2001-11-26 18:30:42,password123,token_290,"290 Main St, City_290",Branch_0,9923,2010-05-16,26,+12345678290,2021-10-21 02:49:18,2013-12-07 19:13:26
291,Lawyer_291,lawyer291@example.com,2000-06-03 23:41:41,password123,token_291,"291 Main St, City_291",Branch_1,3724,2016-08-03,17,+12345678291,2014-06-09 23:19:02,2001-08-15 10:22:34
292,Lawyer_292,lawyer292@example.com,2004-02-04 19:06:47,password123,token_292,"292 Main St, City_292",Branch_2,2176,2017-06-24,4,+12345678292,2016-10-30 02:46:32,2018-03-18 07:45:22
293,Lawyer_293,lawyer293@example.com,2013-03-03 14:51:02,password123,token_293,"293 Main St, City_293",Branch_3,7583,2003-04-04,2,+12345678293,2010-06-22 20:09:36,2012-07-21 02:48:17
294,Lawyer_294,lawyer294@example.com,2009-09-10 00:28:12,password123,token_294,"294 Main St, City_294",Branch_4,6119,2020-05-14,9,+12345678294,2004-03-12 15:46:50,2007-07-11 19:40:33
295,Lawyer_295,lawyer295@example.com,2023-11-30 16:52:20,password123,token_295,"295 Main St, City_295",Branch_5,2187,2014-09-20,3,+12345678295,2016-03-25 23:21:59,2023-10-22 13:42:43
296,Lawyer_296,lawyer296@example.com,2008-09-21 18:20:09,password123,token_296,"296 Main St, City_296",Branch_6,6600,2016-12-07,10,+12345678296,2006-05-18 13:31:56,2017-10-08 13:41:34
297,Lawyer_297,lawyer297@example.com,2014-03-17 10:41:11,password123,token_297,"297 Main St, City_297",Branch_7,3130,2021-02-16,18,+12345678297,2014-06-04 09:23:04,2023-09-23 22:09:18
298,Lawyer_298,lawyer298@example.com,2008-11-23 04:13:09,password123,token_298,"298 Main St, City_298",Branch_8,3171,2016-12-05,24,+12345678298,2011-10-15 21:23:39,2013-06-05 23:52:07
299,Lawyer_299,lawyer299@example.com,2007-09-15 07:23:11,password123,token_299,"299 Main St, City_299",Branch_9,8198,2012-01-09,25,+12345678299,2012-09-20 14:19:20,2013-11-08 18:20:16
300,Lawyer_300,lawyer300@example.com,2002-07-05 14:51:42,password123,token_300,"300 Main St, City_300",Branch_0,3297,2018-04-03,11,+12345678300,2023-04-27 19:09:56,2012-07-25 05:23:41
301,Lawyer_301,lawyer301@example.com,2003-10-07 22:37:21,password123,token_301,"301 Main St, City_301",Branch_1,2591,2006-02-14,23,+12345678301,2018-01-06 13:47:13,2001-05-24 23:48:51
302,Lawyer_302,lawyer302@example.com,2022-11-25 04:26:24,password123,token_302,"302 Main St, City_302",Branch_2,6683,2016-01-16,30,+12345678302,2013-01-20 12:28:41,2000-07-16 22:31:59
303,Lawyer_303,lawyer303@example.com,2018-02-10 08:43:58,password123,token_303,"303 Main St, City_303",Branch_3,7310,2008-07-09,27,+12345678303,2020-05-10 11:23:44,2001-07-21 12:01:37
304,Lawyer_304,lawyer304@example.com,2004-04-22 20:42:58,password123,token_304,"304 Main St, City_304",Branch_4,4927,2000-09-11,16,+12345678304,2009-06-10 09:08:44,2022-04-10 04:28:56
305,Lawyer_305,lawyer305@example.com,2023-08-27 11:27:10,password123,token_305,"305 Main St, City_305",Branch_5,2125,2014-02-15,13,+12345678305,2020-04-15 04:57:08,2019-06-05 06:07:05
306,Lawyer_306,lawyer306@example.com,2013-01-18 11:50:39,password123,token_306,"306 Main St, City_306",Branch_6,6801,2012-04-10,10,+12345678306,2016-03-02 06:00:01,2020-06-23 17:07:19
307,Lawyer_307,lawyer307@example.com,2011-06-20 04:37:14,password123,token_307,"307 Main St, City_307",Branch_7,6765,2004-08-16,15,+12345678307,2008-04-07 23:55:25,2005-03-16 06:47:24
308,Lawyer_308,lawyer308@example.com,2000-05-14 00:08:53,password123,token_308,"308 Main St, City_308",Branch_8,8756,2003-06-16,22,+12345678308,2015-04-20 23:09:04,2009-08-29 16:03:09
309,Lawyer_309,lawyer309@example.com,2014-07-25 10:53:06,password123,token_309,"309 Main St, City_309",Branch_9,6522,2015-11-18,14,+12345678309,2004-01-20 13:04:26,2009-08-11 23:50:34
310,Lawyer_310,lawyer310@example.com,2011-02-08 09:49:44,password123,token_310,"310 Main St, City_310",Branch_0,2787,2013-02-19,5,+12345678310,2023-02-01 02:08:31,2013-12-06 09:47:29
311,Lawyer_311,lawyer311@example.com,2023-09-20 09:37:04,password123,token_311,"311 Main St, City_311",Branch_1,7293,2016-06-21,7,+12345678311,2001-02-20 18:54:01,2016-08-13 01:21:21
312,Lawyer_312,lawyer312@example.com,2005-06-27 11:45:27,password123,token_312,"312 Main St, City_312",Branch_2,8642,2016-02-22,8,+12345678312,2014-05-03 09:27:30,2007-12-07 17:33:21
313,Lawyer_313,lawyer313@example.com,2020-02-23 20:35:49,password123,token_313,"313 Main St, City_313",Branch_3,8524,2006-12-04,21,+12345678313,2008-07-03 04:29:33,2006-06-17 21:28:52
314,Lawyer_314,lawyer314@example.com,2018-11-09 04:25:31,password123,token_314,"314 Main St, City_314",Branch_4,8417,2019-05-21,10,+12345678314,2011-02-17 04:02:27,2014-11-04 23:21:15
315,Lawyer_315,lawyer315@example.com,2024-04-09 19:09:21,password123,token_315,"315 Main St, City_315",Branch_5,5269,2011-03-30,24,+12345678315,2023-08-31 16:07:10,2014-01-03 05:10:56
316,Lawyer_316,lawyer316@example.com,2015-01-05 07:02:01,password123,token_316,"316 Main St, City_316",Branch_6,5762,2001-05-15,17,+12345678316,2000-01-23 12:31:31,2004-03-20 01:32:19
317,Lawyer_317,lawyer317@example.com,2005-03-19 18:40:43,password123,token_317,"317 Main St, City_317",Branch_7,3113,2003-09-26,21,+12345678317,2023-02-03 01:18:29,2015-01-02 03:01:41
318,Lawyer_318,lawyer318@example.com,2016-09-25 10:04:53,password123,token_318,"318 Main St, City_318",Branch_8,5576,2008-01-06,5,+12345678318,2019-03-19 20:10:25,2000-05-18 21:27:14
319,Lawyer_319,lawyer319@example.com,2015-01-15 23:55:21,password123,token_319,"319 Main St, City_319",Branch_9,6084,2010-10-29,17,+12345678319,2014-11-20 16:47:20,2003-12-12 04:11:39
320,Lawyer_320,lawyer320@example.com,2015-09-28 18:22:42,password123,token_320,"320 Main St, City_320",Branch_0,1567,2001-08-14,9,+12345678320,2019-09-27 23:22:43,2014-03-08 08:01:58
321,Lawyer_321,lawyer321@example.com,2000-02-12 23:43:57,password123,token_321,"321 Main St, City_321",Branch_1,9686,2023-07-18,12,+12345678321,2006-11-23 22:18:02,2019-07-11 01:47:46
322,Lawyer_322,lawyer322@example.com,2003-05-07 18:44:44,password123,token_322,"322 Main St, City_322",Branch_2,3970,2023-03-29,13,+12345678322,2010-07-29 20:28:54,2017-02-11 04:06:38
323,Lawyer_323,lawyer323@example.com,2004-08-09 14:42:54,password123,token_323,"323 Main St, City_323",Branch_3,3351,2002-12-31,25,+12345678323,2015-08-25 16:04:59,2023-12-23 22:31:11
324,Lawyer_324,lawyer324@example.com,2003-08-17 14:36:26,password123,token_324,"324 Main St, City_324",Branch_4,6118,2006-12-12,23,+12345678324,2005-10-30 22:07:39,2001-03-05 13:10:36
325,Lawyer_325,lawyer325@example.com,2003-11-17 20:01:09,password123,token_325,"325 Main St, City_325",Branch_5,5274,2012-10-31,22,+12345678325,2011-06-24 16:09:28,2017-09-21 14:59:52
326,Lawyer_326,lawyer326@example.com,2019-07-14 16:59:15,password123,token_326,"326 Main St, City_326",Branch_6,2305,2010-07-11,21,+12345678326,2019-07-24 07:41:54,2013-07-22 14:36:23
327,Lawyer_327,lawyer327@example.com,2017-06-13 21:09:29,password123,token_327,"327 Main St, City_327",Branch_7,3245,2017-05-27,12,+12345678327,2002-08-08 07:08:23,2018-09-05 18:39:44
328,Lawyer_328,lawyer328@example.com,2014-02-19 02:32:19,password123,token_328,"328 Main St, City_328",Branch_8,7282,2018-02-19,28,+12345678328,2008-05-21 07:31:32,2021-12-23 23:24:53
329,Lawyer_329,lawyer329@example.com,2005-11-27 05:15:04,password123,token_329,"329 Main St, City_329",Branch_9,9429,2013-12-16,1,+12345678329,2020-10-12 06:17:15,2013-11-23 23:04:24
330,Lawyer_330,lawyer330@example.com,2023-03-21 11:17:01,password123,token_330,"330 Main St, City_330",Branch_0,1941,2008-02-05,9,+12345678330,2003-07-04 13:39:53,2004-06-21 23:51:10
331,Lawyer_331,lawyer331@example.com,2007-03-04 14:23:53,password123,token_331,"331 Main St, City_331",Branch_1,9776,2014-11-17,19,+12345678331,2015-06-25 10:43:58,2000-02-17 23:45:33
332,Lawyer_332,lawyer332@example.com,2011-02-19 07:57:06,password123,token_332,"332 Main St, City_332",Branch_2,5473,2002-06-10,26,+12345678332,2002-03-11 09:53:52,2013-06-04 09:38:33
333,Lawyer_333,lawyer333@example.com,2021-06-14 14:47:11,password123,token_333,"333 Main St, City_333",Branch_3,3248,2020-11-27,18,+12345678333,2008-01-29 07:39:53,2022-09-02 20:56:41
334,Lawyer_334,lawyer334@example.com,2013-05-06 09:20:52,password123,token_334,"334 Main St, City_334",Branch_4,8322,2009-02-03,2,+12345678334,2014-12-06 02:28:20,2007-01-02 13:49:24
335,Lawyer_335,lawyer335@example.com,2012-11-30 17:30:00,password123,token_335,"335 Main St, City_335",Branch_5,6790,2000-01-25,16,+12345678335,2004-05-21 14:01:16,2019-02-15 07:35:34
336,Lawyer_336,lawyer336@example.com,2019-08-23 13:30:24,password123,token_336,"336 Main St, City_336",Branch_6,5817,2003-08-29,13,+12345678336,2016-09-04 18:32:51,2003-03-01 19:19:32
337,Lawyer_337,lawyer337@example.com,2009-08-16 05:05:11,password123,token_337,"337 Main St, City_337",Branch_7,6028,2005-09-04,1,+12345678337,2020-03-03 04:00:00,2021-11-29 21:48:47
338,Lawyer_338,lawyer338@example.com,2018-09-16 23:19:28,password123,token_338,"338 Main St, City_338",Branch_8,3005,2002-03-08,25,+12345678338,2017-05-31 12:48:12,2009-04-10 02:27:27
339,Lawyer_339,lawyer339@example.com,2015-02-15 02:42:55,password123,token_339,"339 Main St, City_339",Branch_9,3515,2006-05-04,3,+12345678339,2002-05-23 14:43:55,2014-02-09 22:51:40
340,Lawyer_340,lawyer340@example.com,2023-06-26 02:16:25,password123,token_340,"340 Main St, City_340",Branch_0,8718,2013-03-02,3,+12345678340,2021-08-24 22:58:20,2004-08-25 03:18:00
341,Lawyer_341,lawyer341@example.com,2003-03-18 00:43:40,password123,token_341,"341 Main St, City_341",Branch_1,7839,2011-02-14,3,+12345678341,2005-11-14 05:21:52,2006-08-14 21:19:04
342,Lawyer_342,lawyer342@example.com,2022-01-16 15:06:06,password123,token_342,"342 Main St, City_342",Branch_2,5563,2011-06-15,16,+12345678342,2018-02-11 16:54:39,2024-09-18 14:50:12
343,Lawyer_343,lawyer343@example.com,2019-10-26 20:35:11,password123,token_343,"343 Main St, City_343",Branch_3,5278,2002-06-06,2,+12345678343,2008-04-10 10:14:31,2024-01-22 00:44:27
344,Lawyer_344,lawyer344@example.com,2023-01-30 20:15:25,password123,token_344,"344 Main St, City_344",Branch_4,7126,2020-02-03,13,+12345678344,2024-07-12 11:46:13,2019-06-11 06:20:27
345,Lawyer_345,lawyer345@example.com,2007-01-20 04:56:02,password123,token_345,"345 Main St, City_345",Branch_5,2164,2014-06-14,13,+12345678345,2006-04-16 12:00:55,2024-07-09 23:02:37
346,Lawyer_346,lawyer346@example.com,2011-01-06 12:27:10,password123,token_346,"346 Main St, City_346",Branch_6,3389,2008-11-01,13,+12345678346,2013-03-03 19:34:21,2012-03-05 03:16:50
347,Lawyer_347,lawyer347@example.com,2020-05-20 05:33:20,password123,token_347,"347 Main St, City_347",Branch_7,9485,2023-10-13,26,+12345678347,2020-11-17 05:38:53,2014-09-02 20:27:34
348,Lawyer_348,lawyer348@example.com,2013-08-02 12:37:21,password123,token_348,"348 Main St, City_348",Branch_8,1535,2024-11-02,7,+12345678348,2001-03-01 21:25:30,2021-01-07 01:11:21
349,Lawyer_349,lawyer349@example.com,2005-03-17 00:17:23,password123,token_349,"349 Main St, City_349",Branch_9,7096,2019-12-22,26,+12345678349,2017-02-07 19:46:31,2022-01-07 01:04:02
350,Lawyer_350,lawyer350@example.com,2016-04-05 07:41:52,password123,token_350,"350 Main St, City_350",Branch_0,4891,2008-01-22,23,+12345678350,2024-04-06 01:19:55,2016-05-07 09:56:46
351,Lawyer_351,lawyer351@example.com,2023-01-05 06:33:13,password123,token_351,"351 Main St, City_351",Branch_1,4428,2013-12-14,23,+12345678351,2020-01-21 05:15:43,2009-10-12 02:36:29
352,Lawyer_352,lawyer352@example.com,2023-04-05 09:48:05,password123,token_352,"352 Main St, City_352",Branch_2,5780,2017-11-15,29,+12345678352,2021-07-31 05:51:34,2007-05-11 15:00:55
353,Lawyer_353,lawyer353@example.com,2008-02-22 05:28:22,password123,token_353,"353 Main St, City_353",Branch_3,3004,2015-04-17,12,+12345678353,2021-06-22 00:48:19,2017-11-14 09:18:30
354,Lawyer_354,lawyer354@example.com,2012-01-11 16:36:33,password123,token_354,"354 Main St, City_354",Branch_4,1598,2010-07-25,4,+12345678354,2017-08-21 07:06:41,2019-01-25 03:40:10
355,Lawyer_355,lawyer355@example.com,2011-07-23 23:05:02,password123,token_355,"355 Main St, City_355",Branch_5,6871,2007-12-18,26,+12345678355,2015-11-28 09:48:03,2001-10-08 07:25:36
356,Lawyer_356,lawyer356@example.com,2020-05-18 10:14:17,password123,token_356,"356 Main St, City_356",Branch_6,3681,2008-12-07,25,+12345678356,2018-02-27 11:42:21,2000-04-23 09:13:51
357,Lawyer_357,lawyer357@example.com,2022-02-01 01:35:29,password123,token_357,"357 Main St, City_357",Branch_7,9078,2003-07-16,8,+12345678357,2008-08-04 11:36:08,2006-04-24 00:55:15
358,Lawyer_358,lawyer358@example.com,2000-04-21 13:20:19,password123,token_358,"358 Main St, City_358",Branch_8,3505,2012-09-29,9,+12345678358,2011-08-31 15:15:30,2010-04-11 00:42:33
359,Lawyer_359,lawyer359@example.com,2012-10-13 21:43:22,password123,token_359,"359 Main St, City_359",Branch_9,1512,2000-02-16,26,+12345678359,2012-02-10 22:25:36,2021-11-29 23:01:14
360,Lawyer_360,lawyer360@example.com,2022-12-04 14:48:10,password123,token_360,"360 Main St, City_360",Branch_0,8238,2001-08-27,15,+12345678360,2000-01-02 02:54:04,2000-12-21 16:53:36
361,Lawyer_361,lawyer361@example.com,2009-10-04 22:03:55,password123,token_361,"361 Main St, City_361",Branch_1,3063,2020-09-15,1,+12345678361,2019-07-07 14:02:19,2017-02-04 00:38:01
362,Lawyer_362,lawyer362@example.com,2014-08-12 12:28:30,password123,token_362,"362 Main St, City_362",Branch_2,9189,2020-12-13,21,+12345678362,2012-08-25 01:10:34,2015-11-30 08:13:22
363,Lawyer_363,lawyer363@example.com,2014-05-20 15:46:57,password123,token_363,"363 Main St, City_363",Branch_3,9851,2008-05-02,6,+12345678363,2020-07-01 15:43:51,2006-07-15 10:41:10
364,Lawyer_364,lawyer364@example.com,2006-04-13 18:24:26,password123,token_364,"364 Main St, City_364",Branch_4,6014,2013-10-22,13,+12345678364,2014-04-18 13:30:57,2003-12-25 19:48:52
365,Lawyer_365,lawyer365@example.com,2013-04-25 20:16:27,password123,token_365,"365 Main St, City_365",Branch_5,1925,2012-04-30,25,+12345678365,2020-08-11 13:31:18,2012-05-16 06:05:25
366,Lawyer_366,lawyer366@example.com,2019-10-14 12:00:34,password123,token_366,"366 Main St, City_366",Branch_6,1563,2013-05-11,22,+12345678366,2010-11-12 10:43:33,2023-06-13 07:28:07
367,Lawyer_367,lawyer367@example.com,2015-04-28 04:40:15,password123,token_367,"367 Main St, City_367",Branch_7,5084,2003-04-02,23,+12345678367,2017-07-18 07:08:11,2012-08-18 18:03:16
368,Lawyer_368,lawyer368@example.com,2020-05-29 15:04:55,password123,token_368,"368 Main St, City_368",Branch_8,1597,2012-09-05,26,+12345678368,2014-03-31 03:47:33,2012-08-22 08:08:02
369,Lawyer_369,lawyer369@example.com,2007-09-04 08:28:59,password123,token_369,"369 Main St, City_369",Branch_9,6420,2017-12-02,9,+12345678369,2020-11-04 04:10:38,2012-06-10 17:46:08
370,Lawyer_370,lawyer370@example.com,2021-05-01 17:53:01,password123,token_370,"370 Main St, City_370",Branch_0,9356,2017-01-25,16,+12345678370,2023-02-24 06:00:57,2023-11-13 17:49:12
371,Lawyer_371,lawyer371@example.com,2010-01-26 08:51:20,password123,token_371,"371 Main St, City_371",Branch_1,6941,2006-07-15,15,+12345678371,2022-12-22 15:56:39,2008-03-11 15:27:14
372,Lawyer_372,lawyer372@example.com,2018-12-24 22:10:56,password123,token_372,"372 Main St, City_372",Branch_2,5017,2014-05-28,1,+12345678372,2020-01-07 03:26:16,2010-04-25 16:20:59
373,Lawyer_373,lawyer373@example.com,2024-10-12 08:55:46,password123,token_373,"373 Main St, City_373",Branch_3,5519,2009-02-16,16,+12345678373,2020-12-11 01:49:13,2009-07-04 12:34:12
374,Lawyer_374,lawyer374@example.com,2002-07-27 14:15:56,password123,token_374,"374 Main St, City_374",Branch_4,7598,2009-02-17,15,+12345678374,2013-12-24 07:44:01,2001-11-07 15:25:46
375,Lawyer_375,lawyer375@example.com,2006-10-31 11:16:03,password123,token_375,"375 Main St, City_375",Branch_5,8255,2004-04-27,16,+12345678375,2017-01-18 16:44:25,2009-11-28 22:56:30
376,Lawyer_376,lawyer376@example.com,2016-05-28 15:39:20,password123,token_376,"376 Main St, City_376",Branch_6,9449,2016-01-29,16,+12345678376,2020-09-05 18:31:09,2017-12-13 16:43:58
377,Lawyer_377,lawyer377@example.com,2012-03-20 06:50:23,password123,token_377,"377 Main St, City_377",Branch_7,4236,2010-04-09,24,+12345678377,2013-07-10 21:40:11,2022-09-24 17:43:30
378,Lawyer_378,lawyer378@example.com,2018-09-03 07:02:16,password123,token_378,"378 Main St, City_378",Branch_8,1588,2008-04-05,3,+12345678378,2021-10-20 11:43:34,2023-09-06 17:56:14
379,Lawyer_379,lawyer379@example.com,2002-02-21 08:57:00,password123,token_379,"379 Main St, City_379",Branch_9,8664,2003-01-20,3,+12345678379,2017-10-30 20:53:05,2020-08-05 09:49:48
380,Lawyer_380,lawyer380@example.com,2014-01-14 06:14:36,password123,token_380,"380 Main St, City_380",Branch_0,2182,2003-06-04,28,+12345678380,2001-03-14 21:17:19,2017-10-24 15:56:46
381,Lawyer_381,lawyer381@example.com,2004-07-29 06:42:11,password123,token_381,"381 Main St, City_381",Branch_1,4457,2019-12-14,15,+12345678381,2008-11-15 07:10:55,2006-06-06 09:43:48
382,Lawyer_382,lawyer382@example.com,2023-04-22 04:21:09,password123,token_382,"382 Main St, City_382",Branch_2,4137,2013-08-24,23,+12345678382,2017-10-05 16:47:20,2001-01-20 23:28:34
383,Lawyer_383,lawyer383@example.com,2008-05-02 13:18:55,password123,token_383,"383 Main St, City_383",Branch_3,9992,2007-12-07,5,+12345678383,2014-04-08 21:50:10,2023-04-29 02:41:26
384,Lawyer_384,lawyer384@example.com,2005-04-06 21:50:35,password123,token_384,"384 Main St, City_384",Branch_4,2730,2015-09-11,2,+12345678384,2021-10-09 23:36:32,2019-11-09 00:33:44
385,Lawyer_385,lawyer385@example.com,2015-05-25 05:36:01,password123,token_385,"385 Main St, City_385",Branch_5,7759,2003-10-11,8,+12345678385,2015-12-13 11:00:17,2000-02-05 17:06:41
386,Lawyer_386,lawyer386@example.com,2018-09-17 23:24:54,password123,token_386,"386 Main St, City_386",Branch_6,7744,2024-10-06,16,+12345678386,2024-01-17 17:13:28,2012-01-19 19:33:32
387,Lawyer_387,lawyer387@example.com,2024-05-01 23:15:15,password123,token_387,"387 Main St, City_387",Branch_7,5327,2017-01-03,14,+12345678387,2004-10-30 11:14:51,2023-10-05 14:04:38
388,Lawyer_388,lawyer388@example.com,2009-04-18 15:55:01,password123,token_388,"388 Main St, City_388",Branch_8,3574,2020-01-15,16,+12345678388,2012-11-28 21:19:41,2009-12-03 22:04:01
389,Lawyer_389,lawyer389@example.com,2014-12-04 00:57:41,password123,token_389,"389 Main St, City_389",Branch_9,1919,2024-07-14,23,+12345678389,2007-08-31 02:18:36,2014-07-14 15:04:49
390,Lawyer_390,lawyer390@example.com,2002-09-18 13:27:57,password123,token_390,"390 Main St, City_390",Branch_0,2389,2015-08-14,20,+12345678390,2024-10-11 10:33:37,2016-09-14 15:06:02
391,Lawyer_391,lawyer391@example.com,2004-12-04 03:11:44,password123,token_391,"391 Main St, City_391",Branch_1,8434,2011-06-17,13,+12345678391,2021-08-11 13:08:02,2015-02-15 09:09:16
392,Lawyer_392,lawyer392@example.com,2008-01-15 11:53:58,password123,token_392,"392 Main St, City_392",Branch_2,2523,2015-11-30,9,+12345678392,2012-06-26 05:29:56,2016-10-26 03:23:30
393,Lawyer_393,lawyer393@example.com,2009-02-13 07:48:04,password123,token_393,"393 Main St, City_393",Branch_3,5974,2019-07-09,20,+12345678393,2013-11-12 09:19:17,2016-11-21 18:07:49
394,Lawyer_394,lawyer394@example.com,2011-07-26 05:47:40,password123,token_394,"394 Main St, City_394",Branch_4,5545,2002-02-13,15,+12345678394,2018-12-13 09:54:04,2008-04-24 10:10:21
395,Lawyer_395,lawyer395@example.com,2023-07-11 07:41:20,password123,token_395,"395 Main St, City_395",Branch_5,9710,2013-03-30,25,+12345678395,2004-02-23 23:30:08,2023-11-23 04:56:07
396,Lawyer_396,lawyer396@example.com,2004-11-11 23:23:08,password123,token_396,"396 Main St, City_396",Branch_6,5107,2017-04-16,22,+12345678396,2007-10-19 00:40:36,2005-03-14 04:52:47
397,Lawyer_397,lawyer397@example.com,2009-11-03 17:41:27,password123,token_397,"397 Main St, City_397",Branch_7,8083,2015-11-15,1,+12345678397,2004-08-08 09:42:04,2004-08-14 12:11:34
398,Lawyer_398,lawyer398@example.com,2000-09-01 23:55:14,password123,token_398,"398 Main St, City_398",Branch_8,5616,2008-08-17,1,+12345678398,2005-11-02 20:25:10,2019-05-15 08:36:44
399,Lawyer_399,lawyer399@example.com,2009-05-14 21:32:31,password123,token_399,"399 Main St, City_399",Branch_9,8556,2003-10-25,17,+12345678399,2018-01-27 09:52:13,2015-05-05 14:15:48
400,Lawyer_400,lawyer400@example.com,2014-07-11 21:03:17,password123,token_400,"400 Main St, City_400",Branch_0,8695,2017-09-04,21,+12345678400,2015-12-31 21:59:13,2007-04-25 05:43:39
401,Lawyer_401,lawyer401@example.com,2004-10-14 10:15:24,password123,token_401,"401 Main St, City_401",Branch_1,1482,2013-03-13,14,+12345678401,2014-06-13 18:16:10,2016-03-11 11:08:32
402,Lawyer_402,lawyer402@example.com,2000-07-12 10:41:04,password123,token_402,"402 Main St, City_402",Branch_2,8313,2018-02-06,16,+12345678402,2011-09-07 22:43:17,2017-03-10 13:16:04
403,Lawyer_403,lawyer403@example.com,2008-03-08 02:44:19,password123,token_403,"403 Main St, City_403",Branch_3,5074,2010-08-22,7,+12345678403,2011-06-27 08:33:51,2021-03-04 04:23:06
404,Lawyer_404,lawyer404@example.com,2021-02-11 05:22:33,password123,token_404,"404 Main St, City_404",Branch_4,8196,2004-02-15,9,+12345678404,2005-09-15 13:05:27,2008-07-02 18:51:35
405,Lawyer_405,lawyer405@example.com,2023-12-29 08:42:53,password123,token_405,"405 Main St, City_405",Branch_5,6546,2009-01-23,29,+12345678405,2001-09-01 16:10:42,2018-12-01 05:52:31
406,Lawyer_406,lawyer406@example.com,2004-05-22 10:50:55,password123,token_406,"406 Main St, City_406",Branch_6,1536,2016-08-17,22,+12345678406,2008-09-05 00:55:38,2019-11-19 07:59:44
407,Lawyer_407,lawyer407@example.com,2021-03-15 06:05:53,password123,token_407,"407 Main St, City_407",Branch_7,4796,2022-07-01,7,+12345678407,2022-02-25 05:04:08,2018-09-12 13:24:23
408,Lawyer_408,lawyer408@example.com,2010-08-19 23:06:24,password123,token_408,"408 Main St, City_408",Branch_8,3776,2012-08-21,21,+12345678408,2024-08-20 20:02:24,2018-12-03 16:03:43
409,Lawyer_409,lawyer409@example.com,2020-04-15 17:14:20,password123,token_409,"409 Main St, City_409",Branch_9,5818,2012-06-20,16,+12345678409,2019-07-04 20:51:04,2014-11-24 13:59:26
410,Lawyer_410,lawyer410@example.com,2001-12-27 19:22:21,password123,token_410,"410 Main St, City_410",Branch_0,6343,2007-04-11,25,+12345678410,2020-01-30 01:59:19,2016-04-11 21:37:59
411,Lawyer_411,lawyer411@example.com,2003-07-30 05:21:53,password123,token_411,"411 Main St, City_411",Branch_1,7321,2005-05-19,27,+12345678411,2007-05-31 07:44:38,2023-07-23 10:32:06
412,Lawyer_412,lawyer412@example.com,2011-10-24 01:41:54,password123,token_412,"412 Main St, City_412",Branch_2,2727,2021-08-23,17,+12345678412,2004-12-30 05:42:10,2004-05-11 00:35:01
413,Lawyer_413,lawyer413@example.com,2003-03-18 03:59:44,password123,token_413,"413 Main St, City_413",Branch_3,7664,2019-09-24,29,+12345678413,2006-06-22 00:21:23,2016-09-11 12:07:15
414,Lawyer_414,lawyer414@example.com,2024-10-12 00:22:58,password123,token_414,"414 Main St, City_414",Branch_4,3750,2015-04-12,19,+12345678414,2019-04-22 06:06:42,2006-05-16 08:09:42
415,Lawyer_415,lawyer415@example.com,2008-10-06 00:31:44,password123,token_415,"415 Main St, City_415",Branch_5,7576,2019-09-16,15,+12345678415,2009-11-17 16:22:14,2007-06-16 09:54:10
416,Lawyer_416,lawyer416@example.com,2012-01-23 16:04:25,password123,token_416,"416 Main St, City_416",Branch_6,7905,2012-11-28,7,+12345678416,2016-01-13 18:02:33,2010-10-28 16:46:30
417,Lawyer_417,lawyer417@example.com,2020-03-25 02:59:29,password123,token_417,"417 Main St, City_417",Branch_7,9007,2016-11-27,7,+12345678417,2005-10-30 02:18:40,2024-07-18 21:36:33
418,Lawyer_418,lawyer418@example.com,2001-08-13 04:56:08,password123,token_418,"418 Main St, City_418",Branch_8,6472,2002-09-19,24,+12345678418,2000-05-11 19:03:53,2002-01-30 08:44:42
419,Lawyer_419,lawyer419@example.com,2015-08-25 13:35:35,password123,token_419,"419 Main St, City_419",Branch_9,4685,2000-09-23,15,+12345678419,2006-06-29 09:53:33,2016-07-25 11:09:42
420,Lawyer_420,lawyer420@example.com,2009-03-04 07:22:06,password123,token_420,"420 Main St, City_420",Branch_0,2684,2016-09-07,27,+12345678420,2015-03-20 09:54:43,2020-11-23 00:50:22
421,Lawyer_421,lawyer421@example.com,2004-09-07 12:52:05,password123,token_421,"421 Main St, City_421",Branch_1,7975,2011-10-06,7,+12345678421,2015-03-10 03:11:35,2014-07-19 19:42:30
422,Lawyer_422,lawyer422@example.com,2011-10-21 04:16:53,password123,token_422,"422 Main St, City_422",Branch_2,7559,2012-05-14,18,+12345678422,2007-12-01 15:33:39,2015-03-04 17:34:34
423,Lawyer_423,lawyer423@example.com,2024-04-23 07:33:47,password123,token_423,"423 Main St, City_423",Branch_3,8156,2000-01-21,14,+12345678423,2021-02-18 18:33:48,2012-04-05 13:08:14
424,Lawyer_424,lawyer424@example.com,2011-03-04 06:27:52,password123,token_424,"424 Main St, City_424",Branch_4,2222,2004-09-25,24,+12345678424,2008-01-26 08:19:44,2020-04-10 11:19:50
425,Lawyer_425,lawyer425@example.com,2010-09-13 19:36:35,password123,token_425,"425 Main St, City_425",Branch_5,6009,2014-04-10,23,+12345678425,2008-07-25 22:55:55,2004-09-28 09:35:16
426,Lawyer_426,lawyer426@example.com,2018-01-28 04:11:29,password123,token_426,"426 Main St, City_426",Branch_6,2196,2020-10-11,9,+12345678426,2004-01-25 05:42:35,2006-05-13 23:15:54
427,Lawyer_427,lawyer427@example.com,2004-02-29 00:39:27,password123,token_427,"427 Main St, City_427",Branch_7,3326,2005-03-24,4,+12345678427,2004-08-13 12:18:34,2007-05-19 11:24:03
428,Lawyer_428,lawyer428@example.com,2022-06-17 05:03:47,password123,token_428,"428 Main St, City_428",Branch_8,7735,2005-12-20,14,+12345678428,2011-06-27 07:55:49,2007-05-28 21:18:50
429,Lawyer_429,lawyer429@example.com,2017-04-27 19:06:20,password123,token_429,"429 Main St, City_429",Branch_9,4291,2005-08-10,27,+12345678429,2011-10-17 17:09:49,2000-07-05 18:25:22
430,Lawyer_430,lawyer430@example.com,2005-02-21 06:00:23,password123,token_430,"430 Main St, City_430",Branch_0,8604,2007-12-04,21,+12345678430,2015-12-11 02:51:46,2013-06-13 14:32:51
431,Lawyer_431,lawyer431@example.com,2024-01-29 18:05:18,password123,token_431,"431 Main St, City_431",Branch_1,3131,2001-01-02,1,+12345678431,2011-06-09 11:15:56,2016-01-24 17:13:07
432,Lawyer_432,lawyer432@example.com,2015-01-03 09:02:15,password123,token_432,"432 Main St, City_432",Branch_2,7188,2024-01-22,18,+12345678432,2019-01-29 10:02:15,2018-03-03 19:01:58
433,Lawyer_433,lawyer433@example.com,2002-03-14 10:44:05,password123,token_433,"433 Main St, City_433",Branch_3,2540,2006-07-06,15,+12345678433,2016-04-23 05:23:59,2000-05-26 14:49:33
434,Lawyer_434,lawyer434@example.com,2004-04-12 06:40:46,password123,token_434,"434 Main St, City_434",Branch_4,8622,2018-10-24,17,+12345678434,2016-07-07 23:30:58,2014-11-29 09:45:34
435,Lawyer_435,lawyer435@example.com,2001-07-23 01:00:05,password123,token_435,"435 Main St, City_435",Branch_5,2337,2014-02-06,13,+12345678435,2004-02-14 08:48:20,2002-05-16 10:55:46
436,Lawyer_436,lawyer436@example.com,2001-06-24 02:25:21,password123,token_436,"436 Main St, City_436",Branch_6,8349,2023-10-22,20,+12345678436,2002-01-28 14:12:58,2023-03-04 04:37:26
437,Lawyer_437,lawyer437@example.com,2003-02-23 15:25:20,password123,token_437,"437 Main St, City_437",Branch_7,1876,2022-04-09,27,+12345678437,2013-06-27 12:13:01,2017-10-18 13:45:37
438,Lawyer_438,lawyer438@example.com,2000-04-21 11:31:50,password123,token_438,"438 Main St, City_438",Branch_8,1382,2006-11-29,17,+12345678438,2023-02-18 19:33:05,2017-11-18 03:58:56
439,Lawyer_439,lawyer439@example.com,2010-03-14 12:04:25,password123,token_439,"439 Main St, City_439",Branch_9,3614,2003-08-16,29,+12345678439,2005-08-27 10:30:40,2010-08-18 22:10:27
440,Lawyer_440,lawyer440@example.com,2001-07-10 13:13:02,password123,token_440,"440 Main St, City_440",Branch_0,8854,2002-05-31,16,+12345678440,2002-11-14 09:15:43,2005-08-11 08:34:53
441,Lawyer_441,lawyer441@example.com,2000-09-19 11:46:07,password123,token_441,"441 Main St, City_441",Branch_1,3309,2022-07-12,18,+12345678441,2009-01-21 06:21:24,2007-10-01 04:44:32
442,Lawyer_442,lawyer442@example.com,2015-09-07 09:07:28,password123,token_442,"442 Main St, City_442",Branch_2,6494,2008-03-09,26,+12345678442,2002-10-28 12:00:28,2020-03-12 21:52:35
443,Lawyer_443,lawyer443@example.com,2000-09-18 03:47:44,password123,token_443,"443 Main St, City_443",Branch_3,5631,2008-09-30,21,+12345678443,2020-02-28 23:10:53,2017-01-02 01:40:29
444,Lawyer_444,lawyer444@example.com,2017-04-01 13:51:59,password123,token_444,"444 Main St, City_444",Branch_4,5368,2008-02-10,18,+12345678444,2007-11-25 06:46:57,2007-09-15 07:30:48
445,Lawyer_445,lawyer445@example.com,2012-05-23 03:00:45,password123,token_445,"445 Main St, City_445",Branch_5,7888,2016-06-12,9,+12345678445,2012-08-15 21:56:14,2002-06-14 11:38:44
446,Lawyer_446,lawyer446@example.com,2012-01-31 14:21:15,password123,token_446,"446 Main St, City_446",Branch_6,1916,2020-08-20,15,+12345678446,2021-08-09 23:57:53,2012-12-31 18:42:42
447,Lawyer_447,lawyer447@example.com,2024-08-02 18:22:07,password123,token_447,"447 Main St, City_447",Branch_7,9577,2020-05-16,1,+12345678447,2011-04-18 05:38:38,2004-12-18 12:41:27
448,Lawyer_448,lawyer448@example.com,2016-01-05 18:36:24,password123,token_448,"448 Main St, City_448",Branch_8,5926,2000-06-12,21,+12345678448,2004-06-26 18:50:59,2006-10-19 08:31:17
449,Lawyer_449,lawyer449@example.com,2000-08-12 18:52:52,password123,token_449,"449 Main St, City_449",Branch_9,9616,2004-09-27,20,+12345678449,2003-06-22 12:59:29,2003-07-11 16:37:14
450,Lawyer_450,lawyer450@example.com,2011-11-19 20:29:39,password123,token_450,"450 Main St, City_450",Branch_0,6979,2013-05-17,16,+12345678450,2020-07-31 21:18:26,2013-01-03 22:58:09
451,Lawyer_451,lawyer451@example.com,2008-03-21 01:48:00,password123,token_451,"451 Main St, City_451",Branch_1,4491,2015-09-28,24,+12345678451,2021-02-08 02:56:35,2005-02-15 04:13:44
452,Lawyer_452,lawyer452@example.com,2018-04-25 17:33:31,password123,token_452,"452 Main St, City_452",Branch_2,7039,2003-12-05,16,+12345678452,2001-05-13 02:55:57,2004-09-08 19:57:50
453,Lawyer_453,lawyer453@example.com,2023-05-10 09:29:27,password123,token_453,"453 Main St, City_453",Branch_3,5647,2015-05-19,24,+12345678453,2022-01-15 18:55:36,2022-08-02 01:11:33
454,Lawyer_454,lawyer454@example.com,2017-04-20 12:43:38,password123,token_454,"454 Main St, City_454",Branch_4,9961,2024-06-28,27,+12345678454,2000-10-30 10:27:43,2012-11-09 22:25:46
455,Lawyer_455,lawyer455@example.com,2010-07-04 05:45:23,password123,token_455,"455 Main St, City_455",Branch_5,1427,2005-06-04,25,+12345678455,2014-04-02 13:34:20,2017-05-05 09:52:56
456,Lawyer_456,lawyer456@example.com,2009-08-25 09:20:39,password123,token_456,"456 Main St, City_456",Branch_6,8389,2015-12-31,11,+12345678456,2003-02-05 18:41:50,2021-08-24 01:16:12
457,Lawyer_457,lawyer457@example.com,2009-01-27 01:46:06,password123,token_457,"457 Main St, City_457",Branch_7,4768,2012-07-22,9,+12345678457,2021-06-11 14:21:22,2008-01-24 11:08:42
458,Lawyer_458,lawyer458@example.com,2011-03-11 08:54:45,password123,token_458,"458 Main St, City_458",Branch_8,5564,2024-11-14,13,+12345678458,2022-11-09 22:26:10,2023-05-18 15:02:42
459,Lawyer_459,lawyer459@example.com,2009-07-20 20:26:31,password123,token_459,"459 Main St, City_459",Branch_9,1101,2006-09-03,23,+12345678459,2019-05-28 19:22:32,2024-10-01 07:22:59
460,Lawyer_460,lawyer460@example.com,2016-03-01 04:37:36,password123,token_460,"460 Main St, City_460",Branch_0,1961,2008-03-01,6,+12345678460,2003-11-12 10:21:15,2021-12-24 17:10:21
461,Lawyer_461,lawyer461@example.com,2004-05-05 04:18:34,password123,token_461,"461 Main St, City_461",Branch_1,7597,2016-08-18,20,+12345678461,2021-08-20 22:00:00,2021-01-10 04:17:09
462,Lawyer_462,lawyer462@example.com,2012-07-11 04:10:53,password123,token_462,"462 Main St, City_462",Branch_2,6241,2003-10-13,13,+12345678462,2020-12-15 18:33:38,2023-06-26 23:33:35
463,Lawyer_463,lawyer463@example.com,2003-02-26 01:14:53,password123,token_463,"463 Main St, City_463",Branch_3,1396,2014-05-03,21,+12345678463,2018-08-14 11:32:08,2008-08-06 17:01:38
464,Lawyer_464,lawyer464@example.com,2017-11-30 21:00:32,password123,token_464,"464 Main St, City_464",Branch_4,1060,2013-05-12,21,+12345678464,2021-04-24 16:59:34,2018-03-02 19:03:22
465,Lawyer_465,lawyer465@example.com,2020-01-20 11:31:26,password123,token_465,"465 Main St, City_465",Branch_5,9918,2020-09-05,24,+12345678465,2017-03-03 12:15:10,2008-07-27 16:53:29
466,Lawyer_466,lawyer466@example.com,2009-08-04 04:43:40,password123,token_466,"466 Main St, City_466",Branch_6,2221,2023-10-12,7,+12345678466,2004-06-27 06:31:48,2016-10-23 12:11:30
467,Lawyer_467,lawyer467@example.com,2012-05-14 16:23:00,password123,token_467,"467 Main St, City_467",Branch_7,6704,2000-11-17,21,+12345678467,2013-10-21 11:59:39,2020-08-22 11:15:45
468,Lawyer_468,lawyer468@example.com,2008-09-28 13:22:56,password123,token_468,"468 Main St, City_468",Branch_8,6076,2018-12-31,17,+12345678468,2014-04-28 17:53:49,2004-07-27 00:09:33
469,Lawyer_469,lawyer469@example.com,2005-03-13 05:40:02,password123,token_469,"469 Main St, City_469",Branch_9,1012,2024-07-15,10,+12345678469,2004-11-26 13:38:14,2023-07-10 00:22:00
470,Lawyer_470,lawyer470@example.com,2009-07-22 20:44:34,password123,token_470,"470 Main St, City_470",Branch_0,2139,2008-12-30,25,+12345678470,2016-07-03 02:09:50,2014-01-06 16:12:05
471,Lawyer_471,lawyer471@example.com,2007-11-06 23:51:48,password123,token_471,"471 Main St, City_471",Branch_1,9352,2013-04-02,4,+12345678471,2021-08-20 08:33:57,2001-03-09 20:11:16
472,Lawyer_472,lawyer472@example.com,2002-10-14 23:10:30,password123,token_472,"472 Main St, City_472",Branch_2,2886,2017-07-18,11,+12345678472,2003-03-24 16:20:37,2021-01-21 09:01:58
473,Lawyer_473,lawyer473@example.com,2008-07-27 10:58:07,password123,token_473,"473 Main St, City_473",Branch_3,4117,2015-01-22,25,+12345678473,2005-08-23 00:44:18,2015-06-10 10:07:05
474,Lawyer_474,lawyer474@example.com,2001-07-02 01:53:04,password123,token_474,"474 Main St, City_474",Branch_4,8974,2015-06-26,29,+12345678474,2022-04-21 08:44:32,2005-09-04 19:42:11
475,Lawyer_475,lawyer475@example.com,2010-01-01 01:15:48,password123,token_475,"475 Main St, City_475",Branch_5,5503,2020-05-17,22,+12345678475,2021-03-15 17:12:47,2001-11-09 13:26:33
476,Lawyer_476,lawyer476@example.com,2004-02-18 23:30:24,password123,token_476,"476 Main St, City_476",Branch_6,7115,2001-03-26,3,+12345678476,2016-06-11 16:15:28,2024-08-26 06:27:56
477,Lawyer_477,lawyer477@example.com,2003-02-02 08:55:59,password123,token_477,"477 Main St, City_477",Branch_7,9534,2006-05-18,10,+12345678477,2018-10-18 01:01:36,2019-03-25 08:01:37
478,Lawyer_478,lawyer478@example.com,2012-06-02 08:55:47,password123,token_478,"478 Main St, City_478",Branch_8,2894,2006-07-25,1,+12345678478,2005-09-26 15:44:14,2010-10-27 21:33:30
479,Lawyer_479,lawyer479@example.com,2004-04-29 10:16:00,password123,token_479,"479 Main St, City_479",Branch_9,5058,2018-03-22,9,+12345678479,2007-01-17 01:06:08,2019-11-30 22:55:14
480,Lawyer_480,lawyer480@example.com,2023-09-20 09:54:11,password123,token_480,"480 Main St, City_480",Branch_0,1717,2012-10-20,30,+12345678480,2022-09-29 12:05:04,2021-12-23 09:05:48
481,Lawyer_481,lawyer481@example.com,2006-10-18 17:37:46,password123,token_481,"481 Main St, City_481",Branch_1,6435,2024-08-15,24,+12345678481,2005-12-16 07:30:50,2001-10-27 02:27:59
482,Lawyer_482,lawyer482@example.com,2013-02-26 12:02:06,password123,token_482,"482 Main St, City_482",Branch_2,2930,2024-08-05,11,+12345678482,2013-02-20 17:18:53,2004-04-02 03:39:59
483,Lawyer_483,lawyer483@example.com,2000-10-15 05:15:00,password123,token_483,"483 Main St, City_483",Branch_3,9079,2018-07-14,9,+12345678483,2024-04-14 22:09:09,2001-09-22 07:57:12
484,Lawyer_484,lawyer484@example.com,2024-10-20 10:02:46,password123,token_484,"484 Main St, City_484",Branch_4,5466,2013-04-08,20,+12345678484,2014-08-08 06:49:14,2007-07-28 13:51:26
485,Lawyer_485,lawyer485@example.com,2012-09-02 08:21:36,password123,token_485,"485 Main St, City_485",Branch_5,2223,2018-06-10,8,+12345678485,2008-05-13 07:48:29,2003-02-17 07:27:17
486,Lawyer_486,lawyer486@example.com,2010-11-21 04:17:25,password123,token_486,"486 Main St, City_486",Branch_6,2754,2022-12-06,27,+12345678486,2024-08-15 21:31:17,2006-09-16 10:23:52
487,Lawyer_487,lawyer487@example.com,2018-07-24 03:30:14,password123,token_487,"487 Main St, City_487",Branch_7,8132,2012-10-16,3,+12345678487,2001-04-01 21:17:21,2019-04-27 06:42:27
488,Lawyer_488,lawyer488@example.com,2006-04-15 04:00:50,password123,token_488,"488 Main St, City_488",Branch_8,1467,2001-02-20,25,+12345678488,2011-11-23 11:10:03,2023-07-07 02:50:06
489,Lawyer_489,lawyer489@example.com,2010-10-30 13:04:51,password123,token_489,"489 Main St, City_489",Branch_9,2388,2012-12-01,11,+12345678489,2018-08-02 15:26:07,2017-01-24 04:35:51
490,Lawyer_490,lawyer490@example.com,2022-05-30 15:17:21,password123,token_490,"490 Main St, City_490",Branch_0,4395,2019-08-07,25,+12345678490,2015-04-26 02:49:22,2001-04-13 12:25:13
491,Lawyer_491,lawyer491@example.com,2011-03-02 09:40:39,password123,token_491,"491 Main St, City_491",Branch_1,5231,2002-01-02,23,+12345678491,2005-11-25 09:02:20,2011-09-05 13:17:01
492,Lawyer_492,lawyer492@example.com,2004-01-25 21:34:04,password123,token_492,"492 Main St, City_492",Branch_2,1255,2007-03-19,7,+12345678492,2014-02-26 03:17:31,2019-02-15 23:26:05
493,Lawyer_493,lawyer493@example.com,2009-04-02 04:09:43,password123,token_493,"493 Main St, City_493",Branch_3,5215,2012-08-17,8,+12345678493,2021-02-20 08:24:03,2022-09-08 02:05:59
494,Lawyer_494,lawyer494@example.com,2021-01-02 07:56:24,password123,token_494,"494 Main St, City_494",Branch_4,9895,2023-03-20,10,+12345678494,2009-08-24 21:10:04,2007-04-10 04:16:46
495,Lawyer_495,lawyer495@example.com,2005-02-15 01:46:00,password123,token_495,"495 Main St, City_495",Branch_5,3727,2013-03-09,26,+12345678495,2002-12-14 01:24:45,2023-06-21 22:20:06
496,Lawyer_496,lawyer496@example.com,2014-10-01 00:28:12,password123,token_496,"496 Main St, City_496",Branch_6,8098,2008-11-13,20,+12345678496,2015-05-28 22:07:59,2023-10-21 15:30:49
497,Lawyer_497,lawyer497@example.com,2009-02-17 23:37:37,password123,token_497,"497 Main St, City_497",Branch_7,9791,2012-03-24,6,+12345678497,2019-02-13 04:33:28,2016-05-17 18:40:37
498,Lawyer_498,lawyer498@example.com,2007-03-03 02:09:43,password123,token_498,"498 Main St, City_498",Branch_8,3187,2023-10-18,26,+12345678498,2007-02-12 13:30:13,2007-08-23 01:05:37
499,Lawyer_499,lawyer499@example.com,2019-11-23 01:57:44,password123,token_499,"499 Main St, City_499",Branch_9,5538,2018-10-02,1,+12345678499,2012-01-27 01:10:39,2008-06-25 18:42:22
500,Lawyer_500,lawyer500@example.com,2000-04-12 05:05:30,password123,token_500,"500 Main St, City_500",Branch_0,5168,2014-12-25,16,+12345678500,2019-04-26 07:18:34,2008-10-06 03:37:51
